image_id,filename,captured_at,position_lat,position_lng,azimuth,elevation,camera_pitch,absolute_altitude,flight_id,property_id
17181af1-7d7c-462b-bf60-e3b1b58dd515,cbb283d7-43f9-44cb-80c9-8433c11a5007.jpg,2025-03-25T21:59:09,52.411555694444445,-1.497120861111111,-91.2,60.007,-39.9,194.875,,ec288d8f-2926-4a08-b39b-05a792248bb7
ef9a74d1-fcb1-4f9f-910f-2460592bf2fd,cc84b87f-2ce6-419b-8677-4dc068d16632.jpg,2025-03-25T21:59:02,52.41155597222222,-1.496702,-91.2,59.999,-40.0,194.881,,93d6e052-d595-470e-9cc9-0b97142ab275
6c1fb9fb-0295-4484-a2c4-a19cd417004c,6e94c197-5fb3-4819-aa59-0e45ec128e87.jpg,2025-03-25T21:59:05,52.41155580555555,-1.496881111111111,-91.2,59.994,-39.9,194.869,,2c94811d-a85b-46c1-98c1-bd4ee4306a25
eb43de03-7ce1-4e08-90ff-6cd31bbcf4a9,698ef7c4-3c11-41f9-a377-5a3519cc562e.jpg,2025-03-25T21:45:35,52.411783916666664,-1.4991321666666668,88.5,60.026,-40.0,194.832,,bc39a40a-f0a9-4935-a01c-8bfd8a132a8f
c0dda55d-09f6-4bfe-aa3a-6dd3969e143c,68b30ed5-fdd7-43b6-88ad-77ad50189dea.jpg,2025-03-25T21:36:31,52.41092941666667,-1.4981544166666667,2.0,59.959,-40.0,194.719,,cccd7bf1-3ad6-490d-b500-be20f3af03c6
407dfce9-364a-4d82-ac18-f6ef8fb7e9cb,5f2315fd-f92f-4279-952f-b88c35f26044.jpg,2025-03-25T21:36:33,52.41096641666667,-1.4981545833333334,2.0,59.971,-39.9,194.726,,304b32b3-b89d-4e48-a698-6b3cdd7b448d
4662bf29-1d8a-418c-becc-bf0ed642d748,343c6492-2d6e-4c0a-a612-7f2b76528117.jpg,2025-03-25T21:59:08,52.411555694444445,-1.4970623055555556,-91.2,59.995,-40.0,194.876,,cccd7bf1-3ad6-490d-b500-be20f3af03c6
10db2e06-51ca-43ed-aeee-4de26deaf0d8,a147023a-b665-4137-a993-7c8ed3e506cd.jpg,2025-03-25T21:59:07,52.411555888888884,-1.497001277777778,-91.2,59.991,-40.0,194.869,,304b32b3-b89d-4e48-a698-6b3cdd7b448d
5f690996-95fb-4f0e-9f87-5362a290f20e,80b68c66-5c9e-40ec-a2fa-c6be55f890b1.jpg,2025-03-25T22:00:18,52.41201297222222,-1.496935138888889,-91.2,60.016,-40.0,194.918,,6dad07db-60d7-432a-bb1b-904fbed35019
3593e635-562a-4aca-a170-393609afe436,50375e3d-44f6-412a-9cc9-0a4f87995e0d.jpg,2025-03-25T21:45:34,52.411784,-1.4990718055555556,88.5,60.008,-39.9,194.812,,6dad07db-60d7-432a-bb1b-904fbed35019
180b6717-2d59-46fb-99dd-91f8d5439cdf,e6e0039a-f5ac-4da8-81a8-e93a2215aa75.jpg,2025-03-25T22:00:17,52.41201297222222,-1.4969941111111111,-91.2,60.021,-39.9,194.933,,bc39a40a-f0a9-4935-a01c-8bfd8a132a8f
d06390df-47f1-4ccb-9bc5-7ecaa0bcc6b8,8b0f3f2b-9d06-4f8f-946e-258f7bd4fb9f.jpg,2025-03-25T21:59:06,52.411556,-1.4969419722222224,-91.2,59.987,-39.9,194.865,,a04863f0-d7cd-49c8-bd15-b71fdbeedffe
7ed10394-ceb2-4b1a-b772-ce511877bc70,5a4eb90d-77dd-4ae9-a955-fda8f7428d79.jpg,2025-03-25T21:36:40,52.41122086111111,-1.498156638888889,2.0,60.001,-39.9,194.764,,6dad07db-60d7-432a-bb1b-904fbed35019
47914dd0-2371-4b5f-a865-96040f7be8ed,0664e1b3-a935-422a-a38c-5c759217a6e1.jpg,2025-03-25T21:45:33,52.411783888888884,-1.4990126944444444,88.5,60.019,-39.9,194.808,,047a991a-4e1d-4b32-8244-b2fb22c93fbf
435e54db-7f3d-492d-bac0-7a206a01a370,068979ad-080e-412f-b734-173161731962.jpg,2025-03-25T21:59:04,52.41155605555556,-1.4968223055555556,-91.2,59.986,-39.9,194.866,,b95e7314-f917-4291-900b-a788b59ae15c
ec26cf09-239b-408c-b8f7-83ecb0018611,f75d9e7b-04b7-4375-82bb-6eea2629a572.jpg,2024-03-11T22:42:11,52.36314213888889,-1.2946319444444443,-5.2,30.028,-44.9,185.56,,fa2cca67-adb8-4cb6-87c7-e69b7fb3eca4
9009fbc8-c3cb-4a03-a362-46efe5af41ff,f912e3a4-d1ff-4640-93c1-ff5e77441f11.jpg,2024-03-11T23:04:25,52.363242444444445,-1.2958943333333333,84.6,30.028,-44.9,185.604,,98bf112a-bd9f-4ff2-b0a8-17f25accf146
32fbb60b-b6c8-434a-bf23-a788b147a472,6ea51020-9c81-41ca-89d1-886efd0dc186.jpg,2024-03-11T22:07:38,52.36310325,-1.2946936666666666,-98.7,29.993,-44.9,185.557,,036251f0-d67e-4f76-aae7-ee7bbdbdf66f
83f455e3-4558-4a1f-8119-a8a8b067dffc,ff007126-a5c6-46e1-befc-72cbae5fbf21.jpg,2024-03-11T22:44:34,52.36306163888889,-1.294989361111111,-5.2,29.98,-44.9,185.512,,bae03fb2-26bc-4c0e-bf45-9e33ed515c87
481babee-4d6e-4301-ad6b-48491fa00dcb,38a0ade0-5030-4933-abdd-52b394ce9650.jpg,2024-03-11T22:44:32,52.362972222222226,-1.29497125,-5.2,30.027,-45.0,185.565,,3d44fefc-9231-4b32-81a9-ea346e8580f5
6b713a47-3df6-4d97-8135-a6eb227d6975,361f11b7-15e5-4e25-afba-81560840027b.jpg,2024-03-11T22:45:41,52.36314463888889,-1.2951963055555555,-5.2,30.004,-45.0,185.559,,73db338d-f15f-4d8a-9aeb-444b32b778da
83ecd09b-4337-4f83-891d-a28b756f54fa,d8b77a0b-4356-4b30-a451-0fdfc4d27252.jpg,2024-03-11T23:06:08,52.36348327777778,-1.295757722222222,84.6,29.98,-44.9,185.555,,73db338d-f15f-4d8a-9aeb-444b32b778da
4fbaaa68-4f9d-4506-ad05-5681f45cb11c,40f7d478-e0af-4c27-b0b9-4f9e15aab619.jpg,2024-03-11T22:48:11,52.362967805555556,-1.2955369444444442,-5.2,30.014,-44.9,185.573,,98bf112a-bd9f-4ff2-b0a8-17f25accf146
500eca1a-7092-4b17-ab71-bc750763c7da,3e59f516-eaa7-4975-9bd4-cb849f98c0e8.jpg,2024-03-11T23:03:08,52.36316936111111,-1.2953319444444442,84.6,30.019,-44.9,185.56,,3d44fefc-9231-4b32-81a9-ea346e8580f5
d5261fde-0163-42f6-b7da-063ee0a7877b,d2f360d2-1917-43dc-b324-626ad6981958.jpg,2024-03-11T22:44:38,52.363242972222224,-1.2950264166666665,-5.2,30.033,-44.9,185.572,,b3d21b03-755b-4fce-9964-1e9919d37d0b
e0a0f11b-bc43-4850-ab46-0cd7849484c6,e7e6c51b-eaa4-46ba-acfb-255f3a3d276d.jpg,2024-03-11T22:12:44,52.36349141666667,-1.2941196944444444,-98.7,30.001,-45.0,185.565,,beacbb79-99f1-4a6a-add7-eec36c7c7679
c984169a-18db-4c85-abcf-1cc2daadc11a,d14d2f4d-771a-4770-bac6-37047d6dca62.jpg,2024-03-11T22:12:51,52.36346916666667,-1.2944150555555554,-98.7,30.006,-44.9,185.564,,fa2cca67-adb8-4cb6-87c7-e69b7fb3eca4
6e1f65e9-fa98-4abe-b484-ca67f528bdda,9965af87-11e9-405a-9511-13fc44e5d641.jpg,2024-03-11T22:09:55,52.36321766666667,-1.294708972222222,-98.7,30.003,-45.0,185.565,,3d44fefc-9231-4b32-81a9-ea346e8580f5
7199934e-6567-41a5-b94a-a3c3cbbd7e05,a924140f-b042-41ae-89a7-dfd893ead093.jpg,2024-03-11T22:14:08,52.36357411111111,-1.294534722222222,-98.7,29.986,-45.0,185.545,,b3d21b03-755b-4fce-9964-1e9919d37d0b
680ba008-99bc-4218-bf2f-976aab9460f3,965ed32f-6bd7-4bff-92b5-3b2b6504dcb7.jpg,2024-03-11T23:02:28,52.36303591666667,-1.2955974166666666,84.6,29.996,-45.0,185.564,,036251f0-d67e-4f76-aae7-ee7bbdbdf66f
69af8887-76a7-4684-8497-1e673b6a2409,ac41ad80-2c25-4ac1-8ff1-0df4b833fb76.jpg,2024-03-11T22:43:17,52.36308252777778,-1.294808,-5.2,30.022,-44.9,185.581,,487e41b4-2801-40b7-9080-4f20b862d909
27e6595c-47c6-405b-bd23-3cf638c5734f,5dbb4f11-658f-4de7-a415-82e8f7c0edbf.jpg,2024-03-11T22:12:48,52.363480333333335,-1.2942671388888887,-98.7,30.014,-45.0,185.569,,487e41b4-2801-40b7-9080-4f20b862d909
31a54283-1a92-4bba-b361-a2f6ffece01a,fdea3135-0086-4511-bc91-b6a5d51881ad.jpg,2024-03-11T22:10:02,52.36319544444444,-1.2950048333333333,-98.7,29.993,-45.0,185.555,,98bf112a-bd9f-4ff2-b0a8-17f25accf146
4827630f-dc33-4bb4-a219-4ecb6d930dde,ce8b6fca-991f-457c-bcff-a937f8bd10ee.jpg,2024-03-11T23:12:57,52.36368838888889,-1.295457111111111,84.6,30.032,-44.9,185.603,,b3d21b03-755b-4fce-9964-1e9919d37d0b
b1636375-05ec-47a7-974f-07950e05d7d1,eb934b4d-7eda-4626-af33-5c8fd4ca4f52.jpg,2024-03-11T23:03:04,52.363147444444444,-1.2956269999999999,84.6,29.996,-45.0,185.545,,cc8a7787-7c96-4b0c-815e-68b7d47b15f4
73e3e18d-ebc7-433e-a11e-a9056dfad64b,58c91015-8f62-4e63-9b89-ef3627bc29e1.jpg,2024-03-11T23:05:06,52.363415833333335,-1.2951271666666666,84.6,30.029,-44.9,185.57,,fa2cca67-adb8-4cb6-87c7-e69b7fb3eca4
1ffdb1ac-58ac-4e39-b99d-41f06ce410ff,06f17468-4f04-4639-80ac-839081d2648a.jpg,2024-03-11T22:11:05,52.363349222222226,-1.2944726944444442,-98.7,29.986,-44.9,185.544,,bae03fb2-26bc-4c0e-bf45-9e33ed515c87
d508355f-ea45-4d8c-9d7b-e666cc579d02,0e467f1b-9a72-43c3-9e17-3af3dda72048.jpg,2024-03-11T22:45:49,52.36278269444445,-1.2951240555555554,-5.2,29.996,-44.9,185.554,,036251f0-d67e-4f76-aae7-ee7bbdbdf66f
7cd80425-a6d7-4f88-82a7-a43d30561ed4,1d4d0d9d-7158-4f55-8347-dec341d206b2.jpg,2024-03-11T23:04:17,52.36328663888889,-1.2953048055555554,84.6,30.028,-45.0,185.614,,487e41b4-2801-40b7-9080-4f20b862d909
57419d23-40b7-4cbd-8d57-81d942cace73,1e1e1177-5003-472b-be0c-35329b2d5647.jpg,2024-03-11T22:45:47,52.362873666666665,-1.2951416944444443,-5.2,30.008,-44.9,185.554,,cc8a7787-7c96-4b0c-815e-68b7d47b15f4
54c317ca-6d1f-4060-88f7-9f3b3fdde79b,2a1ffb1b-f23f-4672-a97f-7ac5ad21d5e0.jpg,2024-03-11T22:47:00,52.36303927777778,-1.295361722222222,-5.2,30.02,-44.9,185.564,,73db338d-f15f-4d8a-9aeb-444b32b778da
b194eda1-2032-4cb2-84ce-d677f75fea92,2cbf6254-3320-41c7-9a5c-9ae0886a3314.jpg,2025-02-04T20:02:02,50.59552327777778,-1.2043493333333333,-106.6,43.912,-39.9,146.245,,158347fc-2a9a-475f-bab9-64b7370e35a6
45d2fcd4-4e7d-4aa8-a2c1-487da934588b,cc903e80-639f-4275-96e2-49a20ee7846a.jpg,2025-02-04T20:28:04,50.594722805555556,-1.2044975277777776,-13.4,37.17,-40.0,139.658,,e8211625-0720-4047-9e7d-e2c049c60571
23b3fa55-00fc-427a-a648-42e37f3445cc,fab82fc9-f070-4481-a0f3-5683152637bd.jpg,2025-02-04T20:28:05,50.59469286111111,-1.2044852222222222,-13.4,36.8,-39.9,139.293,,17fc8349-917d-4f72-b007-e2d974835b48
d1d2e5b4-356a-4a98-95de-f95c3788d4b2,31418d0c-7404-4a8f-a322-93d2af7c0369.jpg,2025-02-04T19:03:39,50.59531122222222,-1.205592861111111,76.9,38.533,-40.0,140.968,,3dbd6fc6-5109-4934-9ae0-3923ac650912
78fa03a7-f187-4852-bd5a-1160699100ba,6fd2e18c-da93-459d-a4fc-8b3c38b7c90a.jpg,2025-02-04T20:30:07,50.59463938888889,-1.20477825,-13.4,36.945,-39.9,139.264,,983760b7-7439-4726-8b2c-04d2e0b38e08
0ccfe02f-0758-44a7-9f47-a84f518b08cc,dc41f5fe-adc8-4b69-9dff-81edf31ac1ed.jpg,2025-02-04T19:57:42,50.595280583333334,-1.2034198055555556,-106.6,36.645,-40.0,138.972,,2d0458d5-5eb7-4692-bae0-d7b63ad11888
a0f2aa0e-18f3-4673-9fe2-9ca206c513b3,a8e99e09-8f5c-4f12-aa5e-af1558dfdf67.jpg,2025-02-04T19:02:27,50.59511527777778,-1.2055681666666667,76.9,37.197,-40.0,139.678,,17fc8349-917d-4f72-b007-e2d974835b48
2465d0dc-e13c-48de-b405-e63bd619fe2e,8077ef3e-1013-426f-8593-4386134df4d8.jpg,2025-02-04T19:59:12,50.59542566666667,-1.203733361111111,-106.6,36.665,-40.0,139.021,,17fc8349-917d-4f72-b007-e2d974835b48
0795757f-9b03-4a6c-87f4-02eeb0acba1a,4f7c1f71-b2eb-407b-9ee3-4b1f955c741a.jpg,2025-02-04T19:03:38,50.5953035,-1.2056388055555556,76.9,38.4,-40.0,140.832,,b3f2a1b9-be0b-465c-9f5e-fd3d25252cdd
e8292b85-2934-4d54-9489-e13b5ee87f33,b74627ac-0257-46be-b4b5-9f608c6e73d4.jpg,2025-02-04T19:02:38,50.59504463888889,-1.2059846666666667,76.9,36.991,-39.9,139.451,,983760b7-7439-4726-8b2c-04d2e0b38e08
10f43ef3-5241-4698-b4cf-fc00eb7a83c2,b81637b4-9160-4bf2-9d09-76d89932eefb.jpg,2025-02-04T20:01:45,50.59563269444445,-1.2037055277777777,-106.6,43.771,-40.0,146.111,,b3f2a1b9-be0b-465c-9f5e-fd3d25252cdd
c04ad683-bbba-4bdb-801b-fdb4f0e8e545,85990ec2-a75c-4abc-9fc2-e03429c11c75.jpg,2025-02-04T19:59:17,50.59545691666667,-1.2035503333333333,-106.6,36.671,-40.0,139.025,,2d0458d5-5eb7-4692-bae0-d7b63ad11888
01d2e33d-5ded-4a91-a0cd-5d4751e8c24b,d00b1262-4a3a-47f4-8474-9c3e144d8c7a.jpg,2025-02-04T20:26:40,50.594629833333336,-1.2041435277777777,-13.4,34.866,-40.0,137.144,,2d0458d5-5eb7-4692-bae0-d7b63ad11888
ed3e2b11-6c2b-4be7-b5f8-4dfce7fb9687,8161108b-7b4d-4b79-96fd-cff6059f78f6.jpg,2025-02-04T20:01:44,50.595640305555555,-1.203659611111111,-106.6,43.782,-39.9,146.108,,15865960-2d26-4fa3-82c7-3205ea5de298
4d75ebf3-78ee-4d17-a9c0-e7cabfa85f4d,d48dd0e6-0318-4069-9b9c-1a3ef426f5c8.jpg,2025-02-04T20:02:06,50.59549919444445,-1.2044883333333334,-106.6,43.93,-40.0,146.265,,158347fc-2a9a-475f-bab9-64b7370e35a6
7e0d9991-67a9-4ba8-a9be-4ea6f50fb573,6126dc88-ff84-47c5-851e-218b5a2bac20.jpg,2025-02-04T20:28:08,50.59463541666667,-1.2044605833333333,-13.4,35.749,-39.9,138.294,,17fc8349-917d-4f72-b007-e2d974835b48
db448416-6403-483c-959c-0678a11bc0ff,65e9e385-3d74-4d1d-8ea1-d152099a2959.jpg,2025-02-04T20:30:14,50.59481408333333,-1.2048529166666666,-13.4,38.719,-40.0,141.123,,d7fe469f-172d-4445-b651-125beae23375
9b48b83b-9cdd-4f00-bcb6-d94dc7748139,7a347126-e20f-4d09-8f56-3d0da63414cf.jpg,2025-02-04T20:01:46,50.59562488888889,-1.2037513888888889,-106.6,43.776,-40.0,146.106,,b3f2a1b9-be0b-465c-9f5e-fd3d25252cdd
592cd916-1c0d-449f-a993-430f950a3cf0,b7bff417-c652-4852-824f-b25c08c095e8.jpg,2025-02-04T20:02:48,50.59575077777778,-1.204180388888889,-106.6,44.327,-39.9,146.653,,d7fe469f-172d-4445-b651-125beae23375
5ebf2c86-4b1f-46e6-9c31-166c3cba9858,b7bc3b51-d1ce-4f1a-a6e7-7b6983b89378.jpg,2025-02-04T19:59:11,50.59541769444445,-1.2037790833333333,-106.6,36.68,-39.9,139.033,,17fc8349-917d-4f72-b007-e2d974835b48
aef88ef4-41a5-4741-bfa0-b8a588b14a73,9bb94144-36f3-4458-a511-381d695d66e4.jpg,2025-02-04T19:59:10,50.59541,-1.2038250555555554,-106.6,36.687,-39.9,139.045,,3ba0c228-7640-4bbf-bb3c-a1ca77ad1d43
d9d84d72-2de7-4bde-9a7d-ed1d69bcb132,70d5de2c-0afa-4f87-926f-e40390520a6c.jpg,2025-02-04T20:28:06,50.59466397222222,-1.2044728333333332,-13.4,36.33,-40.0,138.849,,3ba0c228-7640-4bbf-bb3c-a1ca77ad1d43
c1cf7837-c950-4b09-9201-b999d5878edd,b81305b8-45c9-474a-b178-aa2c303b2067.jpg,2025-02-04T20:28:01,50.59478111111111,-1.2045222222222223,-13.4,37.602,-39.9,140.053,,b3f2a1b9-be0b-465c-9f5e-fd3d25252cdd
306ca98a-530d-4049-8d88-66246a81e432,b6b1e1ee-6539-4ca7-b20d-ad1e2bbda03c.jpg,2025-02-04T19:02:29,50.59509975,-1.2056602777777776,76.9,37.191,-39.9,139.674,,e8211625-0720-4047-9e7d-e2c049c60571
da87578b-56ac-4ac0-978b-1bee13e1fd94,ff5adc66-9666-4bc4-a4db-579e8f4757b7.jpg,2025-02-04T19:03:43,50.5953345,-1.2054544999999999,76.9,38.943,-39.9,141.368,,15865960-2d26-4fa3-82c7-3205ea5de298
22cc116a-93a0-4499-a98d-10f912baa665,57d74fd7-0928-4e87-bc0c-c2a3eaddbe66.jpg,2025-02-04T19:03:28,50.595240833333335,-1.2060072777777777,76.9,37.317,-40.0,139.749,,d7fe469f-172d-4445-b651-125beae23375
3df94e71-1972-4309-b3ba-8afd0dd1ad2f,651e2724-d792-489b-b6fa-871afa134949.jpg,2025-02-04T19:03:27,50.59523319444445,-1.2060532499999999,76.9,37.196,-39.9,139.621,,158347fc-2a9a-475f-bab9-64b7370e35a6
e1499849-def6-4e8b-9e26-66782faf2b49,c291f55e-d503-47a7-95a5-5401d5c15361.jpg,2025-02-04T19:03:25,50.59521741666667,-1.2061450555555555,76.9,36.928,-40.0,139.36,,158347fc-2a9a-475f-bab9-64b7370e35a6
e4f68a91-f72c-414c-a7db-a603875bedf9,eba17d83-d105-4b3b-b4e6-34eec477c1a6.jpg,2025-02-04T19:02:32,50.595083583333334,-1.2057544444444444,76.9,37.132,-39.9,139.621,,3ba0c228-7640-4bbf-bb3c-a1ca77ad1d43
4f960d22-ff20-4d81-88cd-d6670142ddbe,9661fb96-6656-41c0-b649-fb5911436f93.jpg,2025-02-04T19:02:26,50.595123083333334,-1.2055222222222222,76.9,37.206,-40.0,139.696,,17fc8349-917d-4f72-b007-e2d974835b48
f8affa57-cdb5-43e2-a81d-7fdca2dca84b,ef9a5b98-9c0b-4c7e-bcb6-a3dd0fd52aec.jpg,2025-02-04T20:01:50,50.59560091666667,-1.2038888333333333,-106.6,43.814,-40.0,146.142,,3dbd6fc6-5109-4934-9ae0-3923ac650912
72978bbe-1a8c-45b8-9b5e-be812534d90e,e55f3b2e-75b0-4749-aee6-c111a828a652.jpg,2025-02-04T20:30:18,50.594901694444445,-1.2048886944444444,-13.4,38.839,-39.9,141.235,,d7fe469f-172d-4445-b651-125beae23375
996d96c3-2737-4331-b211-5853d00fd873,32e64b74-dc04-40df-8f37-0617f4b66fec.jpg,2025-02-04T20:30:10,50.594726138888895,-1.2048152222222221,-13.4,38.147,-40.0,140.495,,158347fc-2a9a-475f-bab9-64b7370e35a6
675d7b37-7025-4afc-aaa6-0cac9f1051d0,5958575b-c63e-42dd-a808-5b74d17455de.jpg,2025-02-04T20:30:13,50.59478497222222,-1.204840222222222,-13.4,38.605,-40.0,140.996,,158347fc-2a9a-475f-bab9-64b7370e35a6
6d076f76-58ba-46eb-9916-7d9d12435b44,30803b8f-438c-4c90-beab-d67a14273202.jpg,2025-02-04T20:27:57,50.594897611111115,-1.2045707777777777,-13.4,37.808,-40.0,140.236,,3dbd6fc6-5109-4934-9ae0-3923ac650912
182fce28-218e-4d98-8610-ac9933f41d57,c56139b9-577e-406b-b628-bf7925ee25f5.jpg,2025-02-04T19:02:23,50.59513836111111,-1.205430611111111,76.9,37.235,-40.0,139.721,,2d0458d5-5eb7-4692-bae0-d7b63ad11888
dfb3b2ab-6d3d-4b07-b59a-4107d9774a2e,111cf61c-4a52-42e4-aa5e-f4697e3a4451.jpg,2025-02-04T20:02:44,50.59572744444445,-1.2043189722222223,-106.6,44.273,-40.0,146.605,,d7fe469f-172d-4445-b651-125beae23375
6a41ff33-a42f-4aec-a97a-5957f21b49d9,1325bf5a-fa4c-4e82-a3db-1e0c28c831a5.jpg,2025-02-04T20:26:38,50.59460130555556,-1.204131111111111,-13.4,34.248,-39.9,136.529,,2d0458d5-5eb7-4692-bae0-d7b63ad11888
a477b791-3010-450d-a28b-e9a2a76ce968,13810321-9144-4894-a4d0-458266e7c791.jpg,2025-02-04T19:59:07,50.59539430555556,-1.2039180277777777,-106.6,36.66,-39.9,139.007,,e8211625-0720-4047-9e7d-e2c049c60571
1bfb612e-2d47-459d-a561-92bf3989caf9,1b469c92-b7d2-487d-a895-7e563d7d7ac0.jpg,2025-02-04T20:27:59,50.594839416666666,-1.2045463055555554,-13.4,37.746,-40.0,140.171,,b3f2a1b9-be0b-465c-9f5e-fd3d25252cdd
fb91ff42-1659-4450-bbe0-efbfb3742c54,1ba8f87f-de78-417a-af0a-9a6649c8dbd2.jpg,2025-02-04T20:01:56,50.59556202777778,-1.2041193888888888,-106.6,43.852,-39.9,146.185,,983760b7-7439-4726-8b2c-04d2e0b38e08
8b3e2a03-632d-4c9d-b5b6-b452b24af7fe,1c89a7b5-284f-415b-bdf5-2bb0c550e597.jpg,2025-02-04T19:03:31,50.59525663888889,-1.2059144722222221,76.9,37.599,-39.9,140.013,,d7fe469f-172d-4445-b651-125beae23375
69f01e64-40ab-4237-a1c0-b0010718c376,9999dd6d-0897-4ab7-bfc8-a3155e169aa3.jpg,2025-02-04T20:01:47,50.59561688888889,-1.2037969444444443,-106.6,43.788,-39.9,146.125,,15865960-2d26-4fa3-82c7-3205ea5de298
b3101337-0d81-401b-a445-76b1bdb6589b,2429b1be-e712-4358-8f29-9312869d1a99.jpg,2025-02-04T20:26:49,50.59486305555556,-1.2042416944444445,-13.4,36.877,-40.0,139.268,,15865960-2d26-4fa3-82c7-3205ea5de298
ab78645b-a737-4cc2-b053-4810e16c7bfc,2724dd43-33c8-4d8f-9bc8-2fa304b781ca.jpg,2025-02-04T20:26:53,50.594950833333336,-1.2042785277777777,-13.4,37.071,-40.0,139.467,,15865960-2d26-4fa3-82c7-3205ea5de298
1765d1e2-293b-4cd2-880c-6dbe7c8b3bad,6c9ce574-e825-40ac-abaf-45cb4c11001d.jpg,2025-03-17T22:03:21,52.412846916666666,-1.4886271111111111,39.6,60.01,-44.9,195.887,,0804d448-96c4-411b-a09f-d91c6b6da7cc
7e8a0927-6e3f-459a-9b3f-065ee35603ad,191b4cca-e477-40a9-b323-09068a577f56.jpg,2025-03-17T20:02:41,52.415909666666664,-1.4894042777777778,88.4,60.012,-40.0,200.991,,fde99044-0af9-483e-9046-0d4f1feada40
58fc3edd-40c2-4bb3-b884-90afe26e169a,c04a1547-424d-48d7-b54f-ac9279a5a9e6.jpg,2025-03-17T22:03:13,52.41292,-1.4883050277777778,39.6,59.993,-44.9,195.878,,e6f1839a-02ba-4980-b761-876e2d190e27
c8f2f65a-e08e-4936-86f3-546e4480768c,754ab085-0c55-4248-93e6-df4b8237c8b4.jpg,2025-03-17T22:02:27,52.41322152777778,-1.487387611111111,-47.3,60.015,-44.9,195.92,,97ac2b94-365d-4fb3-9eab-56f65b82cdea
c0712ada-b7e6-46d0-a489-3e0756c19756,dd2e99c9-0714-4bc6-86f2-1ee177a8f9d0.jpg,2025-03-17T22:01:02,52.41514538888889,-1.4881747222222224,-47.3,60.054,-44.9,195.974,d1cdb76f-55ef-552f-9032-b0eb16aae4af,7c10ae38-c875-4f2b-adda-bbc0773907d3
d493ab23-fb8b-462f-ba35-55e1d3e592fa,53cd5716-bcc9-49d1-bd5e-713d436f8a12.jpg,2025-03-17T19:56:08,52.41495941666666,-1.4878705833333334,-1.3,60.004,-40.0,200.968,d1cdb76f-55ef-552f-9032-b0eb16aae4af,22117aec-4fc3-4c59-b0f0-3842ac5072bb
f643b6fc-afdc-48db-9c09-d5ce6c97479b,b6f5177f-3c78-4008-a903-9a1293260bd1.jpg,2025-03-17T22:03:18,52.412790083333334,-1.4885097222222223,39.6,60.013,-44.9,195.904,,ca8eb9a3-b99c-46a6-937f-2b5e2a972020
ca9c4a52-8c9e-4578-9ddb-3f5be32e77ab,ccf39855-78f0-423b-8bfc-916865b8d9d6.jpg,2025-03-17T20:42:04,52.41641141666666,-1.4882423333333334,-178.3,59.948,-39.9,200.863,d1cdb76f-55ef-552f-9032-b0eb16aae4af,22117aec-4fc3-4c59-b0f0-3842ac5072bb
fedc3e35-7a38-40e2-8fb1-546f375d9fb4,7d8a05d5-9c9f-4442-b914-b675dafbd6ee.jpg,2025-03-17T21:32:52,52.41370908333333,-1.4871764722222223,-140.3,60.032,-45.0,195.9,,e6f1839a-02ba-4980-b761-876e2d190e27
ffbd2a89-314c-4226-bac0-94639df84b87,8189a93d-ce72-445a-9db9-c160e76d3a28.jpg,2025-03-17T21:32:34,52.41388788888889,-1.4874161666666668,-140.3,59.983,-45.0,195.874,,013873a3-dd90-4dd0-8427-768d3a5c03eb
b18c1ed2-c24c-489d-bf72-07dd9f6739bc,e431cc92-b3ba-44c4-8d7a-12ece9999c1c.jpg,2025-03-17T20:41:16,52.41687036111111,-1.4886167222222222,-178.3,60.02,-40.0,200.984,,179f5a68-8cf5-4b3d-964d-07fb1ea85f7c
75ac94bb-ed44-48dc-97e4-a3540adc6560,60452ab0-8972-40e1-a4a1-f5c815404479.jpg,2025-03-17T20:02:36,52.415909388888885,-1.4891068611111111,88.4,60.001,-39.9,200.978,,179f5a68-8cf5-4b3d-964d-07fb1ea85f7c
cfb269ab-b7cb-4195-85a8-385893de2c60,9160df85-92cf-4996-944d-f9bcb6166a1b.jpg,2025-03-17T22:02:43,52.41284363888889,-1.487235888888889,-47.3,59.977,-45.0,195.865,,ca8eb9a3-b99c-46a6-937f-2b5e2a972020
5e84fffb-a157-4965-9867-5ea81d7b02df,da73a813-354b-4dd9-994a-005486185316.jpg,2025-03-17T21:32:35,52.41391463888889,-1.487376638888889,-140.3,60.0,-44.9,195.895,,97ac2b94-365d-4fb3-9eab-56f65b82cdea
9ebe9219-a8c0-4678-b9f4-254b76ad813d,ac42e2dd-9ead-4498-b456-83c4856b5969.jpg,2025-03-17T21:32:53,52.413681805555555,-1.4872146666666668,-140.3,59.979,-45.0,195.855,,ca8eb9a3-b99c-46a6-937f-2b5e2a972020
ac712c41-517c-4cfb-bbca-ab9f34791981,e9234e79-8af8-493c-9350-a36d7c74e490.jpg,2025-03-17T22:02:22,52.413372805555554,-1.4873547777777778,-47.3,59.954,-44.9,195.844,,ef91959b-e4bf-447d-8a8d-4a07251ad910
67de58e9-3e55-43a8-a985-e1f4aa80dae4,b0ae0b10-ac9f-4d06-9d57-05e0f01f0623.jpg,2025-03-17T22:02:29,52.41317166666666,-1.4872991944444445,-47.3,60.022,-45.0,195.938,,97ac2b94-365d-4fb3-9eab-56f65b82cdea
b8fe2b21-ec7b-45fe-b260-547dc4ab720c,d78f2b8d-b0c7-40c4-979c-3e42800af708.jpg,2025-03-17T22:03:27,52.41305036111111,-1.4886076666666668,39.6,59.953,-45.0,195.808,,013873a3-dd90-4dd0-8427-768d3a5c03eb
d50cf768-2b1c-4db1-8fec-f1518befb794,a9a0ffeb-4277-4131-83fb-9b88d20189eb.jpg,2025-03-17T22:06:35,52.415218249999995,-1.4892848611111111,39.6,59.969,-44.9,195.853,d1cdb76f-55ef-552f-9032-b0eb16aae4af,eb401864-1feb-410a-a68c-f6072ce1307e
9cc6be20-8a77-46ba-badb-e5bbd4a207e9,1281d5c0-72c5-4747-a5d3-93c08f37fd1e.jpg,2025-03-17T22:02:28,52.413195888888886,-1.4873426666666667,-47.3,60.0,-44.9,195.927,,013873a3-dd90-4dd0-8427-768d3a5c03eb
1e5034e3-7b8b-45bf-96eb-6593cb539865,992c6759-8cb1-4e8d-809f-a2c23e185d4c.jpg,2025-03-17T20:02:39,52.41590975,-1.4892860833333335,88.4,60.006,-40.0,200.977,,ac71872e-6e43-4230-b34b-ddf567cb8919
ec877c95-6ce2-49c0-a6b9-e6a95475f320,2288bd84-2f62-4863-ae67-026fd29668a5.jpg,2025-03-17T22:02:39,52.41289777777778,-1.4870463333333335,-47.3,60.007,-44.9,195.922,,e6f1839a-02ba-4980-b761-876e2d190e27
6f2b4226-5581-4a48-b13d-8be5f3977295,a7167b51-d35a-462d-89f9-611b1d7bf7c5.jpg,2025-03-17T21:17:40,52.415975527777775,-1.4880231944444444,-140.3,59.963,-45.0,195.848,d1cdb76f-55ef-552f-9032-b0eb16aae4af,eb401864-1feb-410a-a68c-f6072ce1307e
8d32fbee-3e20-493f-b353-3ac261a45421,285ee087-82ee-477c-9800-04af1d89f8de.jpg,2025-03-17T21:17:38,52.41591069444444,-1.4880101111111113,-140.3,60.006,-44.9,195.898,d1cdb76f-55ef-552f-9032-b0eb16aae4af,026ce581-cee9-44db-b6f8-9ea431542db2
d14a2821-7f60-4961-ba4d-b7b5188cc98b,c43b5a23-9596-4c8f-9217-697c9a4cfab1.jpg,2025-03-17T21:17:39,52.415944305555556,-1.4880036388888889,-140.3,60.013,-44.9,195.887,d1cdb76f-55ef-552f-9032-b0eb16aae4af,179f5a68-8cf5-4b3d-964d-07fb1ea85f7c
1a08424d-92b1-4e61-aff7-6aea48413986,67047c01-5447-42d6-9d99-68be54cf6eba.jpg,2025-03-17T21:17:49,52.415946749999996,-1.4884404166666667,-140.3,59.964,-44.9,195.832,d1cdb76f-55ef-552f-9032-b0eb16aae4af,7c10ae38-c875-4f2b-adda-bbc0773907d3
73a6f739-11f9-4599-b772-cc70c507c809,2041c69b-7cde-4cff-acaf-c7ad4c701e11.jpg,2025-03-17T22:01:05,52.41507416666666,-1.4880416666666667,-47.3,60.04,-44.9,195.972,d1cdb76f-55ef-552f-9032-b0eb16aae4af,fde99044-0af9-483e-9046-0d4f1feada40
0b738789-a64d-49c2-a28a-8402c7a0456a,d05618df-4ee0-4539-806d-bf569c5c2f95.jpg,2025-03-17T20:05:46,52.41571041666666,-1.4894416666666668,88.4,60.024,-39.9,199.556,d1cdb76f-55ef-552f-9032-b0eb16aae4af,c22ce40a-f7d4-4180-b09d-275e92b18ad8
bf890f7a-ef58-4ba0-9fd3-ef032b042e60,71c08bdc-3ee9-4318-b5cb-9fc044d5cb96.jpg,2025-03-17T20:53:07,52.41570541666667,-1.4873611944444445,-91.6,59.992,-39.9,200.914,d1cdb76f-55ef-552f-9032-b0eb16aae4af,026ce581-cee9-44db-b6f8-9ea431542db2
d126179e-8e23-4277-82c3-12992ddd5d33,d6093327-feb9-43b9-b0a7-f284f5257ce1.jpg,2025-03-17T20:42:08,52.416266944444445,-1.4882363333333335,-178.3,59.959,-40.0,200.875,d1cdb76f-55ef-552f-9032-b0eb16aae4af,026ce581-cee9-44db-b6f8-9ea431542db2
afc0f775-8eb9-4ebc-ae36-0c90231bb688,77dc8bb4-1b2f-453b-9655-db63a8be8c8e.jpg,2025-03-17T20:02:50,52.41571711111111,-1.4894525555555556,88.4,60.031,-40.0,200.984,d1cdb76f-55ef-552f-9032-b0eb16aae4af,c22ce40a-f7d4-4180-b09d-275e92b18ad8
abfb9c18-8cba-4067-a8a0-7179ea47a8b8,fd121047-e3de-432a-8c01-d004b3afa3f0.jpg,2025-03-17T20:26:53,52.41568875,-1.4894470277777778,88.0,59.991,-40.0,201.744,d1cdb76f-55ef-552f-9032-b0eb16aae4af,179f5a68-8cf5-4b3d-964d-07fb1ea85f7c
192c1430-3a67-4e84-bba7-b6db9942d72b,885fed6b-8fce-4673-a196-4e92fe6e3d53.jpg,2025-03-17T22:06:36,52.415235527777774,-1.4893354444444444,39.6,59.985,-45.0,195.877,d1cdb76f-55ef-552f-9032-b0eb16aae4af,fde99044-0af9-483e-9046-0d4f1feada40
d6dc13b8-d90e-468b-8850-f10d7c04c69f,54c89c35-5294-405b-9cd1-585326095319.jpg,2025-03-17T19:53:03,52.41504422222222,-1.4882426111111111,-1.3,60.008,-39.9,201.003,d1cdb76f-55ef-552f-9032-b0eb16aae4af,22117aec-4fc3-4c59-b0f0-3842ac5072bb
6e620d46-edd8-474d-b216-5ddfb7d5fb7d,1f9366af-adbf-4b12-a04d-52eb0801d70d.jpg,2025-03-17T19:53:04,52.41500808333333,-1.4882426666666668,-1.3,59.993,-39.9,200.993,d1cdb76f-55ef-552f-9032-b0eb16aae4af,179f5a68-8cf5-4b3d-964d-07fb1ea85f7c
3b7c0677-2428-42a9-82bf-d343d8bed5dc,9bb70c40-1521-4e33-8759-aa09b86d91f4.jpg,2025-03-17T21:17:50,52.41591938888889,-1.4884796944444445,-140.3,59.953,-44.9,195.82,d1cdb76f-55ef-552f-9032-b0eb16aae4af,e80e8c8f-8ee8-4a82-8bb7-8c152dc85f44
e8d72ae5-554a-4c80-9fe7-754da94ed36a,3465db83-482d-42e5-a50b-06c925bc0197.jpg,2025-03-17T22:01:01,52.41516911111111,-1.4882191944444445,-47.3,60.052,-44.9,195.987,d1cdb76f-55ef-552f-9032-b0eb16aae4af,7c10ae38-c875-4f2b-adda-bbc0773907d3
480ffd93-aa87-4333-9569-7071718387ec,9534123e-ebd9-46f8-8870-a06307f5b6bf.jpg,2025-03-17T20:26:54,52.41572005555555,-1.4894796944444446,88.0,59.999,-39.9,201.737,d1cdb76f-55ef-552f-9032-b0eb16aae4af,026ce581-cee9-44db-b6f8-9ea431542db2
839e7a24-48e4-4f60-9857-18a25c0e62bc,c5819d2d-96af-4806-9caf-d2cc94dc9226.jpg,2025-03-17T22:06:38,52.41522958333333,-1.4894478055555556,39.6,59.989,-45.0,195.882,d1cdb76f-55ef-552f-9032-b0eb16aae4af,7c10ae38-c875-4f2b-adda-bbc0773907d3
a756d6f0-eaee-4b50-88ef-fe1db8680f55,0a8077cb-7107-4028-ab0e-cad8a24b6218.jpg,2025-03-17T20:23:57,52.4157175,-1.4894536111111112,88.0,60.011,-40.0,201.749,d1cdb76f-55ef-552f-9032-b0eb16aae4af,22117aec-4fc3-4c59-b0f0-3842ac5072bb
5ddc2863-159a-4b7e-8c66-b67b96a16c50,0b7a05f1-9fdf-4e7a-bd58-bf55113eec1a.jpg,2025-03-17T22:06:34,52.41519613888889,-1.4892380555555556,39.6,59.982,-44.9,195.847,d1cdb76f-55ef-552f-9032-b0eb16aae4af,ac71872e-6e43-4230-b34b-ddf567cb8919
ac003885-f241-499c-89e7-f413992bc83d,0c0d7504-6802-47d8-9ecc-c9ca4421f879.jpg,2025-03-17T21:17:52,52.41586477777778,-1.4885560833333333,-140.3,59.953,-45.0,195.818,d1cdb76f-55ef-552f-9032-b0eb16aae4af,0172ec37-069d-4a52-a37c-19dbf9fef5bc
0e02d447-dc89-4ae2-9389-4ec98bb30549,2cd5f2c1-267e-492f-996c-c404728e2306.jpg,2025-03-17T19:53:02,52.41507997222222,-1.4882425833333335,-1.3,59.994,-39.9,200.989,d1cdb76f-55ef-552f-9032-b0eb16aae4af,179f5a68-8cf5-4b3d-964d-07fb1ea85f7c
ff831de8-04dd-4c2b-81f5-daa270c53dd7,faf14538-16f8-4717-9c11-6686e89370cc.jpg,2025-03-17T19:53:05,52.41497208333333,-1.4882324166666667,-1.3,60.003,-39.9,200.99,d1cdb76f-55ef-552f-9032-b0eb16aae4af,026ce581-cee9-44db-b6f8-9ea431542db2
77c56156-bc4b-46b8-b02d-b3714d985c69,2e6d9fd9-f9af-4e9b-81d6-a421af51d2e8.jpg,2025-03-17T20:53:06,52.41567411111111,-1.4873281944444445,-91.6,59.956,-40.0,200.892,d1cdb76f-55ef-552f-9032-b0eb16aae4af,22117aec-4fc3-4c59-b0f0-3842ac5072bb
72ed10ed-190c-488d-8535-544577c897d7,224e5053-5c46-468c-9512-0058b26ba783.jpg,2025-03-17T19:52:59,52.415189,-1.488242027777778,-1.3,60.039,-39.9,201.038,d1cdb76f-55ef-552f-9032-b0eb16aae4af,c22ce40a-f7d4-4180-b09d-275e92b18ad8
24b3ebe1-da5d-4ae7-aca5-53f7864778bb,39425b5a-7b09-4e5f-9911-5f960a063328.jpg,2025-03-17T20:02:32,52.41590930555555,-1.488868361111111,88.4,59.995,-39.9,200.962,d1cdb76f-55ef-552f-9032-b0eb16aae4af,026ce581-cee9-44db-b6f8-9ea431542db2
89abbd1e-56d2-4da8-9cd5-4682833a91fa,03873956-6e36-4072-a6b5-593e2e9c30b5.jpg,2025-03-17T20:03:00,52.41568183333333,-1.4888676666666667,88.4,60.003,-40.0,200.973,d1cdb76f-55ef-552f-9032-b0eb16aae4af,026ce581-cee9-44db-b6f8-9ea431542db2
7e7ecc33-8fe1-4d50-8bd3-6beb860c4453,690fefca-43e2-4d08-93f8-b5001244e4a2.jpg,2024-04-18T01:23:53,50.96702997222222,-1.3662298055555557,74.1,21.03,-40.0,84.915,,d9bf3387-1a04-43f3-8630-e5eb5ca967f1
dfc0657a-3f98-444b-b5a7-76db600847b5,cf2f3233-aaad-42a2-9b69-a79e96b6ab66.jpg,2024-04-18T01:23:25,50.967071583333336,-1.3657538611111113,-103.9,21.24,-40.1,85.103,,61133d35-d7a9-4540-b01d-8acfc99b5a9b
29850a96-6e13-4a96-824d-fd2452bcef7a,d1152f98-eb49-4bae-b7a9-18de529b3ca6.jpg,2024-04-18T01:23:35,50.96689277777778,-1.3658590833333335,-36.0,20.75,-40.0,84.627,,ba230185-340d-4ef4-9037-b1f6692dfe66
a32fa6fe-a7cc-46e3-b909-2d2ed41554b8,e46ea94a-ae94-4c87-ae17-1cd76edba01d.jpg,2024-04-18T01:23:46,50.96694838888889,-1.3662225555555556,53.3,20.93,-40.0,84.826,,d9bf3387-1a04-43f3-8630-e5eb5ca967f1
d41ed8d0-e776-4073-8bc1-589da9504983,a19c33d7-8f4d-4962-828e-dfec4d9e39c0.jpg,2024-04-18T01:23:49,50.966969222222225,-1.366250388888889,53.6,20.98,-40.0,84.854,,d9bf3387-1a04-43f3-8630-e5eb5ca967f1
d9724d07-e90b-4e07-884a-d122263f696c,4b35ee56-20a8-451c-9a89-fe36b863a070.jpg,2024-04-18T01:23:32,50.966909111111114,-1.3658245833333333,-35.7,20.76,-40.0,84.648,,ba230185-340d-4ef4-9037-b1f6692dfe66
094c9958-585d-4356-aed6-d1e2e1498a8b,4295a515-244e-4615-95fa-f0379a5d50b5.jpg,2024-04-18T01:22:15,50.966485694444444,-1.3657717777777778,-36.0,20.02,-40.0,83.908,,61133d35-d7a9-4540-b01d-8acfc99b5a9b
442dfa51-0448-45b5-8319-aa80096aff54,0e32b4b3-c247-4e53-b6b2-ef7e6e87480f.jpg,2024-04-18T01:23:21,50.96713591666667,-1.3657355555555557,-125.7,21.25,-40.1,85.152,,61133d35-d7a9-4540-b01d-8acfc99b5a9b
f555448c-1fab-4d8c-b743-62eb0ec987e6,fa6daa26-ae9b-40de-8c70-18cf9256cc25.jpg,2024-04-18T01:23:39,50.96690455555556,-1.3659626666666667,-12.1,20.57,-40.0,84.449,,ba230185-340d-4ef4-9037-b1f6692dfe66
0b519e21-3a0c-446c-b0b0-de6d0f6fe692,36838ab3-d453-4628-b7a4-e09ae075992b.jpg,2024-04-18T01:22:22,50.966482472222225,-1.3659152777777779,-11.5,19.81,-40.0,83.665,,61133d35-d7a9-4540-b01d-8acfc99b5a9b
a1ca0335-2628-4f0c-b059-9822970daa3a,bb88783a-5517-4120-8877-2290c741df7b.jpg,2024-04-18T01:22:18,50.96646888888889,-1.365807138888889,-35.8,19.92,-40.0,83.808,,61133d35-d7a9-4540-b01d-8acfc99b5a9b
2e666b2f-c142-4f7b-a235-86d863841b99,0236464f-348b-4859-b847-71589ddf7d23.jpg,2024-04-18T01:23:18,50.96715722222223,-1.36575975,-126.4,21.12,-40.2,85.034,,61133d35-d7a9-4540-b01d-8acfc99b5a9b
a08148c5-7618-46a5-8060-bb97ac61345a,9b4544fa-f841-4a17-b97b-4c6c9e980b0c.jpg,2024-03-11T23:33:55,52.363548972222226,-1.295092222222222,174.6,30.011,-45.0,185.568,,bae03fb2-26bc-4c0e-bf45-9e33ed515c87
75e94045-88ed-4b4b-b8bd-a56ecdb74a63,6a87e55c-263d-4b0e-b992-75d80e25ec78.jpg,2024-03-11T23:33:49,52.36382008333334,-1.29514625,174.6,30.011,-45.0,185.572,,73db338d-f15f-4d8a-9aeb-444b32b778da
37c6c5fa-060d-458a-880b-90db58840639,858cbdd6-a003-4423-b0c8-f0bc988f4704.jpg,2024-03-11T23:35:06,52.363367805555555,-1.2952400555555554,174.6,29.997,-44.9,185.563,,036251f0-d67e-4f76-aae7-ee7bbdbdf66f
150fce0d-be1e-42ec-b8a1-080ff5877deb,abe600ad-3b17-40eb-b168-a74d0c0f78e9.jpg,2024-03-11T23:32:46,52.36364377777778,-1.2949194444444443,174.6,30.005,-44.9,185.582,,fa2cca67-adb8-4cb6-87c7-e69b7fb3eca4
0ae53bb5-6c83-4273-a3ed-8d6eccb55d92,aff431a5-978f-415d-8c04-e3b84e063024.jpg,2024-03-11T23:33:47,52.363909666666665,-1.295164111111111,174.6,30.007,-45.0,185.577,,b3d21b03-755b-4fce-9964-1e9919d37d0b
af1cc8db-f23a-48e6-88e2-d8e8f99d10f4,4d02caad-7902-4c30-8981-08e7c578c218.jpg,2024-03-11T23:31:27,52.36368522222222,-1.2947443333333333,174.6,29.994,-44.9,185.554,,beacbb79-99f1-4a6a-add7-eec36c7c7679
7be1fa6a-3e8b-4a8a-a058-95e07e1563a4,208c10cf-3ffd-4e68-b908-b05f3cf48f26.jpg,2024-03-11T23:35:08,52.363456722222224,-1.2952580555555555,174.6,30.008,-45.0,185.579,,cc8a7787-7c96-4b0c-815e-68b7d47b15f4
8486ebd9-0ddd-41b8-b2e6-23b6db807259,816de98c-8b47-42d3-a03f-c91995820bab.jpg,2024-03-11T23:36:23,52.363444694444446,-1.2954469166666664,174.6,30.006,-45.0,185.555,,98bf112a-bd9f-4ff2-b0a8-17f25accf146
a6d4ccbe-d653-4605-a782-ed4def0d4d6b,2ddb30ce-c144-47d3-9789-db76c8355ace.jpg,2025-03-15T22:40:19,52.41254830555555,-1.4929223333333335,99.7,59.992,-45.0,195.871,,a21909e7-7f71-4ec9-863e-b82219617c90
caa980a8-3d8b-4fa6-98d7-d81e73e54f8d,d3619d91-f215-4266-a08c-537c0127b28e.jpg,2025-03-15T22:33:07,52.41300022222222,-1.4926275833333333,99.6,60.018,-44.9,195.927,,b2a5a515-d317-4485-a5ac-8fe5cbe99267
89224892-7bcd-4452-adba-7e90b9c7ec68,86250238-408d-4622-9678-3d426eff39b7.jpg,2025-03-15T22:27:24,52.4136255,-1.4891063611111113,99.6,59.998,-44.9,195.887,,97ac2b94-365d-4fb3-9eab-56f65b82cdea
3e70b714-fb57-432a-8a03-7297391ddac2,5e3c1dd9-5d87-4eb5-abb4-c28392643e97.jpg,2025-03-15T22:25:14,52.41335905555555,-1.4890099722222223,99.6,59.98,-44.9,195.876,,0804d448-96c4-411b-a09f-d91c6b6da7cc
787184f4-994c-463d-bb5a-f93d08b77870,7cad4612-2ffc-4aa0-8f50-417684c6da8c.jpg,2025-03-15T22:27:28,52.41374527777778,-1.48904075,99.6,59.971,-45.0,195.856,,ef91959b-e4bf-447d-8a8d-4a07251ad910
712a5af5-6d75-4687-a3f9-2a240d6aba6e,e69c9ed7-36f5-4f83-aeeb-c0c6214ad2b1.jpg,2025-03-15T22:33:08,52.413005138888884,-1.4926877222222223,99.6,60.039,-44.9,195.951,,d001b05a-5b1b-4211-b10a-814c49ae8455
e6e3d2dc-3750-4203-9a53-03b8655d2ace,8ee930c1-69d5-4e51-b277-e87ad7b803d2.jpg,2025-03-15T22:31:54,52.413070777777776,-1.4890338055555556,99.6,60.0,-45.0,195.895,,777fb734-77db-4b13-942f-2a98b577b369
2f0cbcea-9999-42fa-afb2-f508f142f09a,7c6a1ef6-f545-44a7-91ab-efd6d92fb3dc.jpg,2025-03-15T22:27:25,52.413643638888885,-1.48905975,99.6,59.994,-44.9,195.891,,97ac2b94-365d-4fb3-9eab-56f65b82cdea
f320b853-20ea-47e0-9d00-3562fee0c594,8c5ac66f-2449-488d-a45f-e8e6f4b8c0f6.jpg,2025-03-15T22:31:40,52.41357108333333,-1.4891820277777779,99.6,60.003,-44.9,195.896,,013873a3-dd90-4dd0-8427-768d3a5c03eb
b3af6313-ddce-4726-912c-f15284acdb51,87e5254d-6ae3-4e2e-b221-f16915fccebb.jpg,2025-03-15T22:33:06,52.41299522222222,-1.4925688055555557,99.6,60.01,-45.0,195.918,,bdb7aff8-8a0b-4c61-9948-2cc62a4e80d1
7346945e-205f-4878-87c1-7de9eb5da700,6f6b4e01-9660-4b15-ad35-d937a411988d.jpg,2025-03-15T22:33:23,52.41278633333333,-1.4927914166666667,99.6,60.025,-45.0,195.92,,9617d958-f1bd-43f6-99fc-2dc13133c379
ae0a95ff-c7ba-4899-adfa-fb85f1375acf,00d5902b-f665-4c27-9e57-2a9fc4bf6768.jpg,2025-03-15T22:23:48,52.413223083333335,-1.4925554444444444,99.6,59.964,-44.9,195.864,,e7b99351-17b8-435d-8ea7-9101dcff3128
397e3178-4072-4c5c-bb86-69782063c542,0621dfcd-052a-4997-81c5-53c7fa8addd0.jpg,2025-03-15T22:35:31,52.412530555555556,-1.492528888888889,99.6,60.017,-45.0,195.929,,c90f0408-0eea-4463-845f-1d85f785b0e8
2ff8b800-9633-41ec-a653-f89645473373,088ca0e0-60bf-40c6-9705-9b05a30fb039.jpg,2025-03-15T22:25:15,52.41337813888889,-1.4890580555555557,99.6,59.982,-45.0,195.883,,b4b87f42-5675-43ea-87d5-e810c9d53624
03a4a21d-9702-495c-b180-47896b03b723,26d7025b-9723-49f8-9461-90f9b29eeb12.jpg,2025-03-15T22:23:49,52.41322816666666,-1.4926160000000002,99.6,59.982,-44.9,195.879,,827e6f9e-f3cf-4594-bee3-a68ea2b7ca2f
b2d9f6ea-9895-4234-a1d9-c06a00897a0c,ccf03019-979f-41c5-bca6-12bf6a488bac.jpg,2025-03-04T21:38:00,52.40771905555555,-1.478713638888889,-178.3,60.004,-45.0,191.375,,451895d2-58ac-4b9e-8da8-d3756238c9f1
8bcda3a5-2355-4d4e-9143-53879f218ba4,6dfa73e9-f7a7-46a3-8d6c-ee14a666ecbd.jpg,2025-03-04T21:59:22,52.40713697222222,-1.4777999444444445,-88.3,60.002,-45.0,191.366,,451895d2-58ac-4b9e-8da8-d3756238c9f1
9281f760-f6bd-4df3-940e-229ca3df20e0,4fc46997-5cc1-4b4f-84ec-a862f9d0264b.jpg,2025-03-04T21:38:09,52.40804580555555,-1.478713888888889,-178.3,59.997,-45.0,191.374,,416306fa-a39a-423e-a4e1-24d9d4f5c34d
beaafe4b-fd09-4f2d-9fbc-d94e63342302,772e1b96-8e94-47bd-992c-80f041342b74.jpg,2025-03-04T22:34:23,52.406639999999996,-1.4787121944444446,-0.9,60.001,-44.9,191.372,,451895d2-58ac-4b9e-8da8-d3756238c9f1
f185e251-f105-44b5-9733-6c218f9b0a52,7ab3b05e-6cdb-4a05-ba51-4e818d6b1c04.jpg,2025-03-04T21:14:28,52.407591833333335,-1.4796919444444445,88.0,60.024,-44.9,191.43,,53a6e192-63cd-45c4-bf9d-526374fba0ef
67ad00e8-c5e6-4519-a991-b0cb21ff0c6c,adb56079-4fee-449f-80db-235797cd5457.jpg,2025-03-04T22:34:19,52.40678527777778,-1.4787119166666667,-0.9,60.008,-45.0,191.378,,0422b861-f1c6-4d71-b925-b4f30419600c
db58b077-c52f-4ada-aa74-4fbeb096e78d,afeb63cf-9e6b-4639-834d-32f9a4e57e1e.jpg,2025-03-04T21:59:47,52.407363805555555,-1.477838888888889,-88.3,59.942,-45.0,191.27,,0422b861-f1c6-4d71-b925-b4f30419600c
b0a99cd9-6ef4-4374-93fd-41de6cba47cd,846c3374-91a7-4401-bfe5-7da8675ff3ae.jpg,2025-03-04T21:38:03,52.40782763888889,-1.4787145000000002,-178.3,59.989,-45.0,191.361,,0422b861-f1c6-4d71-b925-b4f30419600c
28d52c0a-5bcd-46f9-9dbe-ad47d316f7c6,ec3df279-046d-41dc-a8eb-1af95334b6c0.jpg,2025-03-04T21:17:53,52.407136916666666,-1.4796250833333335,88.0,60.008,-45.0,191.397,,e17ed375-0d53-4912-bfb4-560b21bcc190
34f3656b-7c10-41ab-a2e9-e527b0b7d2c1,594a1169-bf9c-43b1-bc95-47c6a3bc629b.jpg,2025-03-04T22:34:18,52.406822444444444,-1.4787124722222222,-0.9,59.997,-45.0,191.377,,9f509615-8423-469b-97fa-2f624bd8316f
32b60ea0-6f74-4917-8697-6b6ca5b4bf05,59a5d2df-0d22-45af-8876-c4adfe7ac377.jpg,2025-03-04T21:59:58,52.40736313888889,-1.4784940277777778,-88.3,59.975,-44.9,191.311,,3d1254b7-43c5-4c8b-aebe-6cf17e305735
63bdd9b0-9460-464b-bb0b-4324971a4d28,4dafb66f-17e6-4559-becc-f20bfb72cb73.jpg,2025-03-04T21:17:16,52.40736455555555,-1.4802038333333334,88.0,59.999,-45.0,191.369,,3d1254b7-43c5-4c8b-aebe-6cf17e305735
3aba3250-b17d-4a76-be7a-1115ec462b13,652ca4a1-43ad-4783-8181-eba91b8002e4.jpg,2025-03-04T21:17:24,52.407364027777774,-1.4797253055555557,88.0,59.994,-44.9,191.364,,53a6e192-63cd-45c4-bf9d-526374fba0ef
00974c14-8476-4c0d-a181-744a8e6f3bb1,8518efaa-8251-4216-92f5-a322deb81e7a.jpg,2025-03-04T21:17:54,52.407136944444446,-1.4796849722222223,88.0,60.005,-45.0,191.39,,713e95f0-b127-4813-b30b-e62112820cfd
b590c705-0ff3-404b-a068-c5dbf16eeda1,fe0909fe-1490-4498-be29-c507c0041cdf.jpg,2025-03-04T21:38:02,52.40779194444444,-1.4787143333333335,-178.3,60.001,-44.9,191.376,,713e95f0-b127-4813-b30b-e62112820cfd
7420e65c-402e-44c5-9a53-f170ce4f6ebd,97f59f42-95c8-4eeb-8484-a17eca2f1ed2.jpg,2025-03-04T21:38:04,52.40786377777778,-1.4787138611111112,-178.3,59.984,-45.0,191.354,,9f509615-8423-469b-97fa-2f624bd8316f
c0fa23a3-958f-4d5f-aebd-72b295ca5ce0,fb755677-af0d-4cb3-b7bf-d8c0df922f33.jpg,2025-03-04T21:38:08,52.40801008333333,-1.478714,-178.3,60.005,-44.9,191.368,,53a6e192-63cd-45c4-bf9d-526374fba0ef
2a7e9493-76ec-40a2-8298-698e45788f0d,675917d3-f6ad-4c11-a50c-3bfb60894e97.jpg,2025-03-04T21:38:06,52.40793680555556,-1.4787135555555557,-178.3,59.982,-45.0,191.357,,30fd4043-4dbd-45a0-b9c9-2db193c733df
a26a4e52-6d1d-41d9-9cc1-f2b09fd49a13,3c27765d-cb6f-49b7-adb1-07736dbdafd9.jpg,2025-03-04T21:38:10,52.40808188888889,-1.4787136666666667,-178.3,60.007,-45.0,191.386,,416306fa-a39a-423e-a4e1-24d9d4f5c34d
74c5b149-5f38-4a3b-b86f-289884c0ff87,d0541b52-4db1-4729-b140-fe3babd7f0dc.jpg,2025-03-04T21:59:46,52.40736394444444,-1.4777801944444446,-88.3,59.936,-45.0,191.271,,e17ed375-0d53-4912-bfb4-560b21bcc190
a4deba52-93cd-4715-9371-217c47957cf3,a7127b9a-f18a-4d6e-a375-98253d38794d.jpg,2025-03-04T22:02:46,52.40759241666667,-1.4778855277777778,-88.3,60.019,-45.0,191.384,,2a117167-e8b4-4467-86d4-551a16d8624e
93510c92-3027-4966-8312-f98b9d153bb6,52085ae1-c6b9-49b1-88ad-0e8b93bf0785.jpg,2025-03-04T22:02:48,52.407592916666665,-1.4777656111111113,-88.3,60.006,-44.9,191.375,,30fd4043-4dbd-45a0-b9c9-2db193c733df
1bfd5363-505b-46d8-a454-d52a8a5bcc03,43bb478c-328b-462e-a195-f7be8c407d9a.jpg,2025-03-04T22:31:48,52.406897694444446,-1.4794605,-0.9,59.963,-45.0,191.329,,3d1254b7-43c5-4c8b-aebe-6cf17e305735
ea70be51-f19b-4f00-a431-7976f7987553,3e36bbcc-ce8f-457e-adde-6b678affb4c9.jpg,2025-03-04T22:34:15,52.40693016666666,-1.4787123611111113,-0.9,60.005,-44.9,191.381,,2a117167-e8b4-4467-86d4-551a16d8624e
4655f066-b565-4da6-be23-83b649b87185,1ca39412-edd1-4942-a0cd-d5b29e4d964f.jpg,2025-03-04T22:34:16,52.406894,-1.478712138888889,-0.9,59.988,-45.0,191.368,,30fd4043-4dbd-45a0-b9c9-2db193c733df
ef86121e-7dcd-4886-bc3f-4d6652d978bf,4e222f16-6516-4d5d-bc4f-ef5ac0fdeaf6.jpg,2025-03-04T22:34:21,52.40671227777778,-1.4787119444444445,-0.9,60.011,-45.0,191.393,,e17ed375-0d53-4912-bfb4-560b21bcc190
7011b067-7671-4617-8947-53df7f2f20a9,f419f7ff-7789-4443-a55a-9bbbb37a030a.jpg,2025-03-04T21:17:25,52.40736441666667,-1.479665888888889,88.0,59.995,-44.9,191.354,,2a117167-e8b4-4467-86d4-551a16d8624e
8126fc75-4264-4fed-ad65-db6ed4f17fb1,641c4688-d29f-4842-a7c5-9ce90c98579d.jpg,2025-03-04T21:14:29,52.40759191666667,-1.4797516944444447,88.0,60.041,-44.9,191.438,,416306fa-a39a-423e-a4e1-24d9d4f5c34d
531e0d15-d216-41b3-a040-478d59e6dcde,f6d27030-b1bb-4417-b48d-50bc3cf4af8c.jpg,2025-03-04T21:38:07,52.407972916666665,-1.478713777777778,-178.3,59.992,-44.9,191.372,,2a117167-e8b4-4467-86d4-551a16d8624e
b0a456f3-9a12-4d1a-a98c-5fad5d902a38,040bfa66-5a2f-4bd5-ad88-7963b71ffd0d.jpg,2025-03-04T22:34:20,52.40674944444444,-1.478712,-0.9,59.996,-44.9,191.376,,713e95f0-b127-4813-b30b-e62112820cfd
97023aaa-f5ef-4e37-ba20-11921531d8f3,0db57fa8-f313-48d3-b205-f3bb75ec96d2.jpg,2025-03-04T21:38:01,52.407755083333335,-1.4787142500000001,-178.3,59.996,-45.0,191.38,,e17ed375-0d53-4912-bfb4-560b21bcc190
2df1206e-2786-4e11-8aaa-37e04baf1d19,145317b9-0557-4196-9464-b7efd55a7716.jpg,2025-03-04T21:35:39,52.40796527777778,-1.479460388888889,-178.3,60.027,-44.9,191.411,,3d1254b7-43c5-4c8b-aebe-6cf17e305735
e8d2e3fd-0919-48e0-a1c2-a0fdebd8b2c3,19f0a0f0-812c-4e65-b657-0519acc717f7.jpg,2025-03-04T22:34:13,52.407003305555556,-1.4787124722222222,-0.9,60.038,-44.9,191.413,,53a6e192-63cd-45c4-bf9d-526374fba0ef
70c17161-7a44-4010-a109-b5c582537c73,c83b6818-f938-4e7b-8757-c36eb3d21787.jpg,2025-03-04T22:34:12,52.407040555555554,-1.4787123333333334,-0.9,60.02,-45.0,191.412,,416306fa-a39a-423e-a4e1-24d9d4f5c34d
ae7c4c7a-ce15-4853-a1a3-faf8c507b249,2dd2d9c2-6948-436f-aa96-0559437a67c7.jpg,2025-03-19T20:36:55,52.41224416666667,-1.4982516666666668,176.5,60.003,-40.0,186.526,,cccd7bf1-3ad6-490d-b500-be20f3af03c6
ec127ba2-9ed8-4ea7-867f-69cb59f62aaf,23f68a62-65a2-45ab-96ab-3844ed226554.jpg,2025-03-19T20:37:03,52.412388166666666,-1.4979695555555557,176.5,59.979,-39.9,186.458,,047a991a-4e1d-4b32-8244-b2fb22c93fbf
5c8bbcb7-4e73-4ebe-b2d4-d116ef9f7394,8cb8ef73-be94-4037-a4f7-e7343ef0d2e9.jpg,2025-03-19T20:37:08,52.41226736111111,-1.4978796666666667,176.5,59.969,-40.0,186.451,,93d6e052-d595-470e-9cc9-0b97142ab275
7d329890-7c3e-4a7c-8dbd-fbd3bef597c4,206a7ec5-9db3-41f5-b8c7-fbcc70694d96.jpg,2025-03-19T20:37:01,52.41239205555556,-1.4980846944444446,176.5,59.99,-40.0,186.498,,6dad07db-60d7-432a-bb1b-904fbed35019
e9771508-3b03-474e-885c-41036cccb9d1,776ec7a4-ffa5-483e-bfc5-ab16971239f6.jpg,2025-03-19T20:37:02,52.41239322222222,-1.4980266666666666,176.5,59.992,-39.9,186.487,,b95e7314-f917-4291-900b-a788b59ae15c
eca8ed88-be20-44fb-91d1-4b1240b0184d,0ef144d4-4e62-4ca3-b6f5-e09a7166f0d7.jpg,2025-03-19T20:36:56,52.41228022222222,-1.4982534166666668,176.5,60.011,-39.9,186.527,,ec288d8f-2926-4a08-b39b-05a792248bb7
a61b3741-3781-4aac-949a-1043611243a4,2ed1a53d-f508-4987-a657-6cb2b55436ce.jpg,2025-03-13T23:23:48,52.41150616666666,-1.4965096111111111,88.3,59.967,-44.9,195.81,,62b5e879-7d1f-4868-9de1-495c05d3cf73
4d7f7c60-f6cf-4662-99d0-abb012ce673b,39484e3d-a0a9-4280-97b3-64cadb70804e.jpg,2025-03-13T23:13:51,52.410768222222224,-1.4957569444444445,-1.6,60.023,-44.9,195.876,,0a06d4c4-0712-4876-abfa-0411fb3b6c2b
865bf942-9f62-49b4-a379-8c2332eee24b,a5003f15-1a84-4c22-a3bf-5424d15ba7cd.jpg,2025-03-13T22:49:43,52.41210108333333,-1.4961286666666667,-178.3,60.011,-44.9,195.855,,0e232275-eac7-4bde-bcfc-8564cc4dfec2
a7780512-f172-4ecd-9b65-943de2d5b695,7622b790-8b9e-430f-be8e-61dfbd8e4168.jpg,2025-03-13T22:50:45,52.412169999999996,-1.495756361111111,-178.3,59.986,-44.9,195.836,,1e2d6fec-5313-4586-96aa-ffd5d4b3f8ad
6d67e9e7-d373-475e-ab90-6a369991bdd1,4358cd03-0918-4446-885f-5de5bf52aa12.jpg,2025-03-13T22:52:02,52.412198805555555,-1.4953834722222223,-178.3,59.99,-45.0,195.821,,cbf80b1d-41de-4fd9-a75a-4eb7d7c40e08
2314177d-5f24-4cd8-96d2-9abc6c00005f,a9005f25-c7fc-4687-a150-64cb2fcfdfe7.jpg,2025-03-13T23:13:03,52.41095194444444,-1.495382527777778,-1.6,60.036,-45.0,195.896,,62b5e879-7d1f-4868-9de1-495c05d3cf73
95890786-6c15-40d1-bbd8-4aa9a7df6f82,863184fe-c6d4-4c5a-b111-b8330e207b96.jpg,2025-03-13T23:15:22,52.411035138888884,-1.4961288888888888,-1.6,60.024,-45.0,195.888,,636df4e9-d0de-4572-a38d-0f6509738c17
840d048b-e9c0-4731-89fd-7db56ace30b0,79414553-8edb-4f19-b6f9-5acefcedefac.jpg,2025-03-13T22:49:46,52.4119915,-1.4961284166666666,-178.3,59.997,-45.0,195.841,,636df4e9-d0de-4572-a38d-0f6509738c17
173ea720-f0a5-4fe9-9fa0-dbe36264e08d,9522f618-028c-4057-a455-7b0964266c2f.jpg,2025-03-13T23:23:46,52.41150619444444,-1.4966276666666667,88.3,59.991,-45.0,195.825,,636df4e9-d0de-4572-a38d-0f6509738c17
97e4ad42-ca2d-44a5-89b2-348464508602,d684766e-c331-42e0-b07e-03852482870a.jpg,2025-03-13T23:05:25,52.41150552777778,-1.4952744166666667,-91.5,60.022,-45.0,195.89,,636df4e9-d0de-4572-a38d-0f6509738c17
b8ad7ce2-9608-4f74-b465-70489f09b703,e2e3ed50-13d8-4bf6-8937-5876fa1b0d3f.jpg,2025-03-13T23:13:56,52.41095033333333,-1.4957575833333334,-1.6,60.009,-44.9,195.85,,1e2d6fec-5313-4586-96aa-ffd5d4b3f8ad
748c910a-55aa-47e0-9185-2b9f900cd709,824df4a9-136d-4cb2-9d1c-c2cc6e01e963.jpg,2025-03-13T23:23:37,52.41150636111111,-1.4971639444444444,88.3,59.97,-44.9,195.8,,ae84046e-98c5-4036-9c8d-bfdf34f0a3de
9a65fe68-628a-4273-8fa4-bdbdad05af58,b6a442bf-39a7-4c20-b1cb-ab0a4afc390b.jpg,2025-03-13T23:15:27,52.41085283333333,-1.4961288333333334,-1.6,60.037,-45.0,195.898,,f9db6e1c-b583-4a12-9a21-6d6d6f59d73b
d19e992a-6409-48d4-aa54-03bb654acc49,531fc1e1-264f-4181-b048-8efd4388d3bb.jpg,2025-03-13T23:05:31,52.41150622222222,-1.4949169444444446,-91.5,60.0,-45.0,195.864,,6c4908b3-23f3-48f8-bc02-a09c72921cb0
edf4ef5f-2f52-40df-97ad-696521818fff,e8b306d3-32cb-4f9e-817a-ed63cfca9443.jpg,2025-03-13T23:06:06,52.41173308333333,-1.4954326111111111,-91.5,59.969,-45.0,195.781,,0e232275-eac7-4bde-bcfc-8564cc4dfec2
b2e34708-c208-4b17-8aa1-f7f6debb0abe,ce88d385-4a28-4b82-bd45-510849988cd3.jpg,2025-03-13T23:13:54,52.41087747222222,-1.4957570277777779,-1.6,60.007,-45.0,195.865,,636df4e9-d0de-4572-a38d-0f6509738c17
1b0b9fd4-b471-4be5-b627-438c8f3bbe49,7164b421-3428-44b9-b4ad-9431c855c425.jpg,2025-03-13T23:23:40,52.41150619444444,-1.4969847222222223,88.3,59.978,-44.9,195.816,,636df4e9-d0de-4572-a38d-0f6509738c17
3160dc91-ca53-44f3-96af-2fdddafcd100,8d41f633-29f9-42e2-95f0-b0ea8b9c3639.jpg,2025-03-13T23:23:38,52.41150636111111,-1.497104888888889,88.3,59.974,-45.0,195.805,,f9db6e1c-b583-4a12-9a21-6d6d6f59d73b
0ca092b2-ed4d-42e4-a714-089933d1ce69,f1353c64-03ca-4d2f-8d1c-edd33e88a7cf.jpg,2025-03-13T23:23:47,52.41150611111111,-1.4965686111111112,88.3,59.973,-45.0,195.812,,cbf80b1d-41de-4fd9-a75a-4eb7d7c40e08
e5cb3d60-d13d-4d11-94bf-4cedee244b2a,4817f938-3411-4f57-8f52-9059e8ba32cf.jpg,2025-03-13T23:24:14,52.41173338888889,-1.4967654444444445,88.3,60.043,-44.9,195.922,,0e232275-eac7-4bde-bcfc-8564cc4dfec2
5b1be6d1-e921-4466-a9ab-41e3dbaa8d0b,619808a6-d2dd-4d33-8495-89d75ff14d97.jpg,2025-03-13T22:50:39,52.41195113888889,-1.4957556666666667,-178.3,60.013,-45.0,195.861,,0a06d4c4-0712-4876-abfa-0411fb3b6c2b
932f7376-cae0-483f-b479-3198b2778f86,6ce2dbe5-3b9a-4f0d-9097-7d4432986e23.jpg,2025-03-13T22:50:43,52.412097777777774,-1.495756138888889,-178.3,59.994,-45.0,195.85,,6c4908b3-23f3-48f8-bc02-a09c72921cb0
87f1fecb-0add-4abd-bac9-8cb566660306,22f86123-f57d-4145-8b0f-05b1abd9b866.jpg,2025-03-13T22:50:46,52.41220725,-1.495756138888889,-178.3,59.982,-44.9,195.826,,39a8ca0b-5b87-4311-9fe8-f184a8143cb8
6468cae3-c2c1-4618-bd4c-30deb6b0c2a7,88eebe70-7a7d-4784-8a7e-ec3afe36d5de.jpg,2025-03-13T23:02:20,52.41127730555555,-1.4946534444444446,-91.5,59.986,-45.0,195.816,,0a06d4c4-0712-4876-abfa-0411fb3b6c2b
677b1d2b-3eb7-403f-a62b-0c2ae1690fa3,ea279e12-d938-48c8-961c-d10858e59063.jpg,2025-03-13T23:05:28,52.411506055555556,-1.495095361111111,-91.5,60.041,-45.0,195.893,,f9db6e1c-b583-4a12-9a21-6d6d6f59d73b
db55b9cc-a1b3-4d27-a24c-88d34772cca9,8ec6bf00-664d-47d4-8406-227245b8dc52.jpg,2025-03-13T23:05:33,52.41150613888889,-1.4947983055555556,-91.5,60.025,-45.0,195.885,,1e2d6fec-5313-4586-96aa-ffd5d4b3f8ad
7b1774ca-e437-4c04-a13d-c55c3b94afba,1f00c11b-1868-4784-b857-a99b1cf9bcb6.jpg,2025-03-13T23:05:35,52.411505777777776,-1.494678388888889,-91.5,60.02,-45.0,195.875,,39a8ca0b-5b87-4311-9fe8-f184a8143cb8
c99d10fb-03bb-4891-bbc7-a6ed5249a02c,b01d98a8-9ed0-41ee-a526-e93916b3d2ea.jpg,2025-03-13T23:05:37,52.411506027777776,-1.494558388888889,-91.5,60.007,-45.0,195.872,,62b5e879-7d1f-4868-9de1-495c05d3cf73
8d07410c-9e25-424f-9093-7948fc86b1d1,c49b71bc-e965-4c96-9f79-7a6eb2b57b01.jpg,2025-03-13T23:23:44,52.41150619444444,-1.4967471388888889,88.3,59.994,-44.9,195.842,,1e2d6fec-5313-4586-96aa-ffd5d4b3f8ad
755ebe56-19fa-4a0d-9967-515088542aec,67acedb0-e174-4bda-9fad-1325aa858c93.jpg,2025-03-13T23:23:42,52.41150613888889,-1.4968667777777778,88.3,59.991,-45.0,195.837,,6c4908b3-23f3-48f8-bc02-a09c72921cb0
09ef5f64-7051-43e0-ab03-668ba7890d4d,0356bf91-33c0-4c4b-8b4c-8c7841e828df.jpg,2025-03-13T23:05:26,52.41150563888889,-1.4952155277777779,-91.5,60.045,-44.9,195.887,,ae84046e-98c5-4036-9c8d-bfdf34f0a3de
33579d1d-0a9b-451a-a7a8-599a79fbe22a,0d152956-0e68-41ba-91f1-6c0748f3c20b.jpg,2025-03-13T23:05:36,52.41150583333333,-1.4946194166666666,-91.5,60.018,-45.0,195.864,,cbf80b1d-41de-4fd9-a75a-4eb7d7c40e08
31407045-7ce5-448e-b0df-284458d0f816,10263220-70a2-47d0-940b-0784dd060ced.jpg,2025-03-13T23:20:38,52.41127711111111,-1.4966753611111112,88.3,60.026,-45.0,195.907,,0a06d4c4-0712-4876-abfa-0411fb3b6c2b
23618486-2127-45f7-b2de-47f333611828,0e7c8e8e-745f-40ee-9651-a55a0de1b9e0.jpg,2025-03-13T23:15:14,52.41132572222222,-1.496129611111111,-1.6,60.013,-44.9,195.872,,0e232275-eac7-4bde-bcfc-8564cc4dfec2
7c561b96-f112-4568-b243-26f2c9997cf6,21600a40-6328-4c20-97e7-cdccea4d00ff.jpg,2025-03-13T23:13:55,52.410913388888886,-1.4957571944444445,-1.6,60.016,-44.9,195.862,,cbf80b1d-41de-4fd9-a75a-4eb7d7c40e08
3c7266f6-ce54-488d-b76a-44cb71b5819e,c8b1387f-3afd-420f-8ba6-e035c316c3ea.jpg,2025-03-13T23:05:30,52.41150594444444,-1.4949780000000001,-91.5,60.032,-44.9,195.878,,636df4e9-d0de-4572-a38d-0f6509738c17
463a6b0d-f978-4914-a830-5a9146e3008c,f9a357a3-a9a1-4e37-a8ce-9eddf26db7b5.jpg,2024-04-18T01:24:00,50.967198833333335,-1.3661604166666668,143.2,21.17,-40.0,85.062,,61133d35-d7a9-4540-b01d-8acfc99b5a9b
b206da8b-953f-469b-9d47-4dbc40776062,3a99abe2-2127-48c3-834b-fa515e9921a7.jpg,2024-04-18T01:24:07,50.96721575,-1.3661314444444446,142.9,26.54,-40.0,90.509,,61133d35-d7a9-4540-b01d-8acfc99b5a9b
7b05dccb-6db6-4346-9fcf-5d75464ef446,21a95ebd-3774-4189-96f6-9ee861ca07f0.jpg,2024-04-18T01:24:03,50.96721683333333,-1.3661271111111113,142.9,21.22,-40.0,85.119,,61133d35-d7a9-4540-b01d-8acfc99b5a9b
d950c3a8-6f92-4aa5-ba94-5d0cb910228e,2fa26b00-ee0b-4d01-a59d-ef83dfee481f.jpg,2025-03-15T21:26:12,52.412967,-1.4916042222222223,-173.6,60.006,-44.9,195.899,,c90f0408-0eea-4463-845f-1d85f785b0e8
04234a2c-1b82-4e48-9e8f-68c20d1008a1,d422d124-491f-4a12-aa6e-66932ad1d377.jpg,2025-03-15T22:03:05,52.41263238888889,-1.4916816666666668,6.3,60.029,-45.0,195.957,,e7b99351-17b8-435d-8ea7-9101dcff3128
07f3a0f7-7e50-4bed-a9a6-a0e86d116f30,a31f83c9-f787-4651-8d18-55019fda4084.jpg,2025-03-15T21:35:07,52.413391777777775,-1.4918841111111112,-173.4,60.012,-44.9,195.909,,1453a66e-bf5c-48ac-ab9d-d480a548636b
6f59a256-208a-4c30-9dda-84f8c4b82025,43a6ac1e-9b43-49cf-b6eb-9926a9821883.jpg,2025-03-15T21:25:59,52.41343663888889,-1.4914962222222223,-173.6,59.988,-45.0,195.885,,e125ab85-d522-4a82-adb0-293a7d1470e8
1ec61d55-02c2-4b5d-bf5b-be6581365d7d,77790d2b-fea3-4299-964f-f0bc1061f816.jpg,2025-03-15T21:12:01,52.41375458333333,-1.488032,-173.6,60.011,-45.0,195.942,,7fedfc64-f9b2-415f-acec-0f698066a997
c5e737ff-3d5c-4791-8511-7c5645dbf08a,78a4ec4a-dbdc-47ac-a5ed-40be548dc793.jpg,2025-03-15T21:12:03,52.41382686111111,-1.4880154722222223,-173.6,60.028,-44.9,195.953,,b4b87f42-5675-43ea-87d5-e810c9d53624
2bddce9a-afb1-4af1-a9b5-9068e1bdda9f,f7d22bc4-72e1-4f87-b7a5-3fec15e2ab74.jpg,2025-03-15T21:39:20,52.41349297222222,-1.4873120555555557,-83.6,59.977,-44.9,195.847,,97ac2b94-365d-4fb3-9eab-56f65b82cdea
ab656bca-3800-4d6f-8dbe-739a77c6e2f0,20d7adae-12ae-4eff-b3b5-51d05d58e37f.jpg,2025-03-15T21:34:59,52.413200055555556,-1.4917109722222224,-173.4,59.974,-45.0,195.865,,9617d958-f1bd-43f6-99fc-2dc13133c379
10c99d36-e24f-4e02-8a49-9bf70b748fae,e1bd7dac-7cfd-4fae-a1ad-3a0894f0fec2.jpg,2025-03-15T22:03:23,52.41198325,-1.491830888888889,6.3,59.991,-44.9,195.91,,c90f0408-0eea-4463-845f-1d85f785b0e8
916ea885-8cd8-48fb-8064-5ddc7220405c,aee530c0-0e4b-4104-863b-faddd86ce89d.jpg,2025-03-15T21:26:03,52.41329177777778,-1.4915300833333334,-173.6,59.992,-44.9,195.888,,bdb7aff8-8a0b-4c61-9948-2cc62a4e80d1
443c2e87-e0ea-4988-bb26-b12a7c500225,7de4444f-5556-4bd8-a279-308b25393733.jpg,2025-03-15T21:37:10,52.41320727777778,-1.4872589444444444,-83.6,60.016,-45.0,195.896,,0804d448-96c4-411b-a09f-d91c6b6da7cc
1f62a3be-937e-4d14-bb88-0dea528d8162,810acefd-abf0-4eda-afb9-d3f5f1a2cde3.jpg,2025-03-15T22:22:24,52.41279233333333,-1.4882536944444444,9.9,59.994,-44.9,195.888,,0804d448-96c4-411b-a09f-d91c6b6da7cc
c1877c03-3b12-4123-9ff4-8302e090353c,b3ca6ef0-510d-4591-ae78-5ef218a736af.jpg,2025-03-15T21:25:57,52.41350791666667,-1.49147975,-173.6,60.002,-44.9,195.898,,d001b05a-5b1b-4211-b10a-814c49ae8455
3af852d3-9edf-4dbd-843b-da2bbf9b047d,e82d6d3b-e3ba-45d4-9c77-dea029b39c10.jpg,2025-03-15T21:43:50,52.412896249999996,-1.487211027777778,-83.6,59.997,-44.9,195.892,,777fb734-77db-4b13-942f-2a98b577b369
a6ab15de-6414-4b18-b01b-607b1ce3e47d,b8aaa186-7631-421d-96bb-e219a8972469.jpg,2025-03-15T21:11:52,52.413430805555556,-1.4881065833333333,-173.6,60.023,-44.9,195.948,,777fb734-77db-4b13-942f-2a98b577b369
5f6d4284-dac9-4687-b8ed-a0e5247337df,89f810b2-635d-4441-856a-924731fe02df.jpg,2025-03-15T21:12:00,52.41371905555555,-1.4880403055555556,-173.6,60.015,-44.9,195.94,,0804d448-96c4-411b-a09f-d91c6b6da7cc
c0873488-f87d-4443-baf4-33099e5fa698,5c87f653-6855-4aec-a640-4e8240890319.jpg,2025-03-15T22:03:09,52.412487694444444,-1.4917148055555556,6.3,60.018,-44.9,195.944,,d001b05a-5b1b-4211-b10a-814c49ae8455
c5c05fcc-7855-498d-b44f-9b1a7432bc70,db49f107-8379-4dd6-8704-7c9fab77b960.jpg,2025-03-15T21:12:06,52.41393569444444,-1.4880040833333334,-173.6,60.024,-44.9,195.946,,013873a3-dd90-4dd0-8427-768d3a5c03eb
533e7166-0b16-474b-9ab2-43bca18c0d6f,9132fd55-c84c-4b78-8eb3-34843c9eddcd.jpg,2025-03-15T21:45:16,52.41284663888889,-1.490852638888889,-83.6,59.972,-45.0,195.853,,d001b05a-5b1b-4211-b10a-814c49ae8455
e99a9cf6-6eef-420d-9554-0e986e1d4816,4988b6e2-97b9-4c14-b1da-8d634618c886.jpg,2025-03-15T21:25:56,52.41354469444444,-1.4914714722222222,-173.6,59.987,-45.0,195.885,,827e6f9e-f3cf-4594-bee3-a68ea2b7ca2f
10e208ad-c48d-4ace-a888-7402e802c5f9,a58e6d07-7249-4b7f-b0cd-1cd5a0cfb83a.jpg,2025-03-15T21:26:01,52.413364055555554,-1.4915132222222223,-173.6,59.986,-45.0,195.882,,b2a5a515-d317-4485-a5ac-8fe5cbe99267
73f1ac02-d823-44e4-bc41-0fbd990442f6,7c20c7ec-0adb-4406-a172-8c5d24a8723e.jpg,2025-03-15T21:26:15,52.412894888888886,-1.4916215555555556,-173.6,59.997,-45.0,195.891,,a21909e7-7f71-4ec9-863e-b82219617c90
57755196-09db-486e-be93-0b775a0ae1cb,93d88990-4ff4-49ea-a4a4-a11928f66d7c.jpg,2025-03-15T21:39:24,52.4136305,-1.4873025,-83.6,60.039,-44.9,195.919,,ef91959b-e4bf-447d-8a8d-4a07251ad910
55734a49-0f6d-43bb-85a1-d07fc575942e,35a08e05-f22b-40f3-8126-f44d358e26f2.jpg,2025-03-15T21:43:39,52.41328677777778,-1.487343388888889,-83.6,60.024,-45.0,195.929,,86bfb47f-46ca-44a6-977b-64bea599a3c4
37367078-99ee-4d78-aa52-3dec5eee638b,69d70fea-8edb-4d38-be6c-86bedbc7c65f.jpg,2025-03-15T21:43:38,52.413323444444444,-1.4873555555555555,-83.6,60.02,-45.0,195.923,,b4b87f42-5675-43ea-87d5-e810c9d53624
756974a6-030f-45d8-984b-e582240dbd96,47a96d7f-f9b4-4320-b2f4-9cda0e6e8861.jpg,2025-03-15T21:44:56,52.41307922222222,-1.4908788611111112,-83.6,60.015,-44.9,195.9,,e7b99351-17b8-435d-8ea7-9101dcff3128
76b17932-cb55-4118-b9c6-bb54d33434cd,913f7228-940e-4b87-8cea-0c3cb6849af0.jpg,2025-03-15T21:44:55,52.41307422222222,-1.4908204166666668,-83.6,60.011,-45.0,195.892,,827e6f9e-f3cf-4594-bee3-a68ea2b7ca2f
c92c1de5-de7b-4635-a25b-e5dc87a71d6e,56e6ebe8-f04f-4bbc-9132-b2f6b224049d.jpg,2025-03-15T21:45:15,52.41285172222222,-1.4909133333333333,-83.6,59.979,-44.9,195.857,,1453a66e-bf5c-48ac-ab9d-d480a548636b
a7a021b3-5fff-4915-aa05-0755509176a0,163c40c0-01b6-4db4-889f-14074cd35356.jpg,2025-03-15T21:45:14,52.41285672222222,-1.4909721111111112,-83.6,59.96,-45.0,195.85,,bdb7aff8-8a0b-4c61-9948-2cc62a4e80d1
d75132b5-df29-41e7-a161-f91fcc73dbae,9d485f64-437f-4ecf-acb9-f7e9b66c47d4.jpg,2025-03-15T22:01:34,52.41225008333333,-1.4921445,6.3,60.034,-44.9,195.938,,9617d958-f1bd-43f6-99fc-2dc13133c379
a439c5a5-6ac6-4b9a-b71f-3fcc5e52eff0,e8230413-7b26-45dd-a5aa-9b0d3cf061d3.jpg,2025-03-15T22:03:08,52.41252452777778,-1.4917064166666667,6.3,60.019,-44.9,195.947,,827e6f9e-f3cf-4594-bee3-a68ea2b7ca2f
0ed3e054-2a6a-4bbd-b5da-19979d061b15,cbe33a97-42b8-4463-a42b-80400647e5fc.jpg,2025-03-15T22:03:13,52.412344166666664,-1.49174775,6.3,59.996,-45.0,195.914,,1453a66e-bf5c-48ac-ab9d-d480a548636b
d31017fa-4485-4652-8af2-1f8c0922bee0,5d35a6c6-27ea-490e-a05e-11f69cb6719f.jpg,2025-03-15T22:03:11,52.41241619444444,-1.4917310000000001,6.3,60.005,-45.0,195.925,,b2a5a515-d317-4485-a5ac-8fe5cbe99267
81de6a0f-3717-4792-b876-9dc18a43bad0,d585cc80-97c9-4ead-9d67-72da2a56d102.jpg,2025-03-15T22:03:24,52.41194763888889,-1.491839138888889,6.3,59.998,-45.0,195.906,,a21909e7-7f71-4ec9-863e-b82219617c90
8b95d2ec-b84e-49ff-ab00-35a42b65f9d4,49a9acb3-6b1f-413f-b666-6060e1ff9afc.jpg,2025-03-15T22:22:16,52.412503361111106,-1.4883202222222223,9.9,60.01,-44.9,195.89,,777fb734-77db-4b13-942f-2a98b577b369
a5f50c78-bd22-47a0-b40d-9d76c5f3f809,93371c36-4dc5-4dff-9259-00e7eea61d89.jpg,2025-03-15T22:22:28,52.41286013888889,-1.4882366944444445,9.9,59.983,-45.0,195.871,,86bfb47f-46ca-44a6-977b-64bea599a3c4
bade57e9-5ae3-4194-990b-de18db5798b3,f5a6aec0-38ce-4e86-aa51-4df4dea9a8ed.jpg,2025-03-15T21:12:07,52.41397158333333,-1.4880067222222222,-173.6,60.016,-44.9,195.937,,97ac2b94-365d-4fb3-9eab-56f65b82cdea
3dc8b604-dd03-453e-ab2c-c257d489233e,084c88c5-7ade-4fa3-9851-a78ab6aee5c5.jpg,2025-03-15T21:37:11,52.41322755555555,-1.4873080555555556,-83.6,60.029,-44.9,195.921,,7fedfc64-f9b2-415f-acec-0f698066a997
08fc4341-6d78-4e6b-9af8-8b2f7058ec53,0f3889f0-3b30-4466-8ef3-24dcf5d03ade.jpg,2025-03-15T22:22:25,52.41282583333333,-1.4882458333333335,9.9,60.008,-45.0,195.921,,7fedfc64-f9b2-415f-acec-0f698066a997
93dc24bd-0e23-4bb6-a9a5-2f325d553bf3,16f36102-2b7e-4c2d-b2e0-f5cb9a91ff60.jpg,2025-03-15T21:43:35,52.41342983333333,-1.4873921944444446,-83.6,60.02,-44.9,195.92,,013873a3-dd90-4dd0-8427-768d3a5c03eb
ae95dadd-3f4f-4355-9ebd-57d3b8c70acf,18c9accc-4e7a-4247-8983-580ecfebd295.jpg,2025-03-15T21:47:42,52.41239319444444,-1.4909190555555556,-83.6,59.986,-45.0,195.868,,a21909e7-7f71-4ec9-863e-b82219617c90
7c33a24d-028e-45de-8a0b-49fdcf28fe5b,279833ff-5669-491d-894b-04108186bd6c.jpg,2025-03-15T21:47:30,52.41262561111111,-1.4910519722222222,-83.6,59.987,-45.0,195.895,,9617d958-f1bd-43f6-99fc-2dc13133c379
0c277340-8069-4b4f-b355-7d35951a2769,31e1f447-b357-4d4b-b874-da9bd1eb75d0.jpg,2025-02-04T19:16:00,50.59589552777778,-1.2046780555555554,163.3,50.053,-40.0,152.444,,2d0458d5-5eb7-4692-bae0-d7b63ad11888
21ea1e53-7bca-4ffb-9ab6-f73666c1694a,b1e4812a-2798-4b43-b36d-362290e89f60.jpg,2025-02-04T19:12:53,50.596100500000006,-1.205395,163.3,49.432,-39.9,151.861,,d7fe469f-172d-4445-b651-125beae23375
6b29ab9c-ef52-4753-97b4-95cbc33a828e,4cbba752-3930-449b-aa15-0341b1645af5.jpg,2025-02-04T19:13:31,50.596132583333336,-1.2050933333333333,163.3,48.021,-40.0,150.482,,b3f2a1b9-be0b-465c-9f5e-fd3d25252cdd
2d9860bf-6d16-4912-aa7a-0c1ea5ade5d2,74db8045-96da-465f-9ad2-2540971c4a79.jpg,2025-02-04T19:10:39,50.59573027777778,-1.20555525,163.3,45.944,-40.0,148.402,,158347fc-2a9a-475f-bab9-64b7370e35a6
058b7a71-7940-46f1-bcd1-6493dd0e0ed9,a91015b0-c4f6-4bf9-92a6-db8d08450cbb.jpg,2025-02-04T19:13:34,50.59607427777778,-1.205068611111111,163.3,47.578,-39.9,150.04,,b3f2a1b9-be0b-465c-9f5e-fd3d25252cdd
0728b4ec-1157-4d4c-bf90-d0ce0c5fdb9e,e6dd20f1-64e7-4360-b99f-2d8a411e1b06.jpg,2025-02-04T19:13:46,50.59578122222222,-1.2049454444444443,163.3,45.473,-40.0,147.96,,17fc8349-917d-4f72-b007-e2d974835b48
710d9385-0b90-4c5a-b7ae-b2775d5afd24,6acc963d-4f23-405d-bcbc-fe298f01d8b7.jpg,2025-02-04T19:13:45,50.59581061111111,-1.20495775,163.3,45.664,-40.0,148.15,,e8211625-0720-4047-9e7d-e2c049c60571
aaf29afe-9d94-4a36-b4bf-e1a86272bbe0,dc67ee1d-6657-46c2-bb32-1f6f8b533af7.jpg,2025-02-04T19:10:36,50.59581777777778,-1.2055919166666667,163.3,46.41,-39.9,148.858,,158347fc-2a9a-475f-bab9-64b7370e35a6
1237157c-0e9e-422b-bd78-294be898ebbb,85768b30-bf82-49a5-9214-4f392a8bea92.jpg,2025-02-04T19:12:48,50.59598344444445,-1.2053456111111112,163.3,48.613,-39.9,151.034,,d7fe469f-172d-4445-b651-125beae23375
aabb9a13-715b-485e-a6c1-277792589889,efb967ec-8734-49e6-af72-c7f8aa6f9727.jpg,2025-02-04T19:13:36,50.59601583333333,-1.2050438333333333,163.3,47.138,-39.9,149.618,,15865960-2d26-4fa3-82c7-3205ea5de298
86663835-f62a-4ce8-852c-eb46cde4e867,5f3bbe0b-2aff-4fce-8197-cd3a067a510a.jpg,2025-02-04T19:12:44,50.59589536111111,-1.2053091944444445,163.3,48.0,-39.9,150.417,,983760b7-7439-4726-8b2c-04d2e0b38e08
8e070ae8-9038-40be-a442-322850d9a018,f675c2c7-70e8-4e17-848b-e1b6fe62a8ad.jpg,2025-02-04T19:13:37,50.59598675,-1.2050317222222222,163.3,46.924,-40.0,149.411,,17fc8349-917d-4f72-b007-e2d974835b48
5e04116b-88dd-4fdc-85f7-8a7d9c567005,974a0a3c-20f5-4a5d-8e34-e3cc7d560daf.jpg,2025-02-04T19:16:07,50.596070833333336,-1.2047513611111111,163.3,51.787,-40.0,154.191,,2d0458d5-5eb7-4692-bae0-d7b63ad11888
a4fd0372-c6c6-4887-b019-e7e0a8322c05,0fb4b471-bdf2-4cfb-a3fc-9add0f99a67e.jpg,2025-02-04T19:13:41,50.59589852777778,-1.2049941666666666,163.3,46.318,-40.0,148.809,,17fc8349-917d-4f72-b007-e2d974835b48
cb7549f7-a6a7-4266-ad44-bb7e29bb7c61,c8a46f48-931a-4208-8325-4a9022ca9a81.jpg,2025-02-04T19:13:40,50.59592852777778,-1.2050069444444444,163.3,46.568,-39.9,149.055,,3ba0c228-7640-4bbf-bb3c-a1ca77ad1d43
a2c6804d-f57e-4fea-9021-ccde3e06a70c,d199dff9-48a6-499d-bc87-8606d3f50edc.jpg,2024-04-24T23:33:49,50.967642222222224,-1.3673259444444446,-166.3,30.19,-40.0,92.847,,c60b6741-32c9-478e-a067-3a9fc61456e2
6ec5e16b-892c-4a5e-be25-9b3eda11b192,3e4f2a85-55ef-4359-90f2-33f28c22e67f.jpg,2024-04-24T23:37:29,50.96793377777778,-1.3655158055555556,-169.1,31.1,-40.0,93.759,,d9bf3387-1a04-43f3-8630-e5eb5ca967f1
c8cfe173-a81a-4df7-b002-409c1b1e0096,3c3ddbbb-aca0-41c7-8049-6945671fe5b1.jpg,2024-04-24T23:38:08,50.96753391666667,-1.3646514444444446,-73.7,30.96,-40.0,93.62,,d9bf3387-1a04-43f3-8630-e5eb5ca967f1
371af0a1-53e4-4f09-9250-1681ee233b34,89fc72be-cd91-4489-8e23-260e99eb46f4.jpg,2024-04-24T23:34:52,50.96776194444445,-1.3662344166666667,-74.8,31.01,-40.0,93.667,,de4da618-727a-48e4-957f-27bb61df3494
fa21cb91-16e9-4063-b26c-918ad942ddc0,a78f03de-61cc-4b71-a9ad-6deab3a00b4f.jpg,2024-04-24T23:35:30,50.967505,-1.366465527777778,12.3,30.92,-40.0,93.575,,de4da618-727a-48e4-957f-27bb61df3494
aca3d682-12e1-4199-9b26-238cd8eecc6b,501ce977-5181-44d6-a7e1-65172a53412c.jpg,2024-04-24T23:35:03,50.968084833333336,-1.3665659166666668,-164.3,31.1,-40.0,93.75,,b9e592f4-235f-4040-a663-14dadef2888e
e0f35113-2dba-4319-9fef-8702ebc90239,3885aba9-04f2-4de9-9854-4f961ddd9941.jpg,2024-04-24T23:35:08,50.968034611111115,-1.3663062222222222,-168.7,31.2,-40.0,93.849,,b9e592f4-235f-4040-a663-14dadef2888e
48a99bda-6e2e-4db0-af90-66986f25b43c,18752402-e2ca-4517-8c8a-55788e09f203.jpg,2024-04-24T23:35:40,50.96772438888889,-1.3659648333333334,-76.8,31.02,-40.0,93.673,,b9e592f4-235f-4040-a663-14dadef2888e
df5020ef-ed1f-49db-914d-0dc792340545,3579233d-bdf5-44d6-9d4e-8ee6a6ae3bee.jpg,2024-04-24T23:33:13,50.96710461111111,-1.3674729444444444,6.8,30.07,-40.0,92.723,,4050ec97-5d0f-417c-874f-6b65578022c7
51588ff5-96eb-4aad-8588-3614c8dd0cf7,0debd428-8a9a-49cd-8568-a9ac4e420c81.jpg,2024-04-24T23:32:31,50.96675697222222,-1.367583888888889,10.4,30.41,-40.0,93.056,,b9e592f4-235f-4040-a663-14dadef2888e
6131c0d1-898a-474d-a571-de137070f4b1,7af3932f-cb53-4a4b-873c-0d4cf1736abd.jpg,2024-04-24T23:33:07,50.9672925,-1.3674306944444445,-167.6,30.25,-40.0,92.904,,c60b6741-32c9-478e-a067-3a9fc61456e2
993a7c76-6870-4a2e-b5c7-84ebfa3352e8,a0e2bc83-3592-49ce-af7e-23d3b9ecde3f.jpg,2024-04-24T23:37:00,50.96764069444445,-1.3655641666666667,-166.7,31.13,-40.0,93.771,,d9bf3387-1a04-43f3-8630-e5eb5ca967f1
328b24c1-8539-4d0c-94ae-af875e773b11,f5f0bd3a-dea4-4f8b-87c7-0966c16a9a7c.jpg,2024-04-24T23:32:15,50.966629000000005,-1.36809975,12.2,30.22,-40.0,92.88,,c60b6741-32c9-478e-a067-3a9fc61456e2
7a3ab55d-3461-4917-882f-b7847063a788,a625a2fb-e8e4-42da-8b53-00c9823eb66c.jpg,2024-04-24T23:36:49,50.96732736111111,-1.3652116666666667,-77.0,31.07,-40.0,93.715,,d9bf3387-1a04-43f3-8630-e5eb5ca967f1
f1f97fb3-b3d7-4268-be5c-75419f1e162c,0aa18d69-74cc-42c8-9e2d-e298d6bb6120.jpg,2024-04-24T23:36:38,50.967105611111116,-1.3657106666666667,12.6,30.96,-40.0,93.613,,d9bf3387-1a04-43f3-8630-e5eb5ca967f1
a184d3c7-bc88-4cbb-81bc-b6252b810c24,e5b20950-b915-4e28-82fc-5175f4ae2f10.jpg,2024-04-24T23:35:46,50.96761552777778,-1.3661130555555556,-121.6,31.03,-40.0,93.681,,b9e592f4-235f-4040-a663-14dadef2888e
619132cf-1adb-4386-b900-13dca9a87693,d5ac7a78-581d-4d37-bcd8-921635dc3b81.jpg,2024-04-24T23:38:18,50.96785830555556,-1.364977027777778,-163.6,31.07,-40.0,93.722,,d9bf3387-1a04-43f3-8630-e5eb5ca967f1
d3e1c87b-5d6f-4427-b575-20905cc03154,db3ad834-3517-41b3-adf8-65eab4c2e3cc.jpg,2024-04-24T23:40:00,50.96670413888889,-1.3644843333333334,-35.8,29.97,-40.0,92.615,,d9bf3387-1a04-43f3-8630-e5eb5ca967f1
fc3c4570-4ee6-4d6c-80c3-b16ab76dc127,4fc0fad1-482b-4cb6-984a-32edd0e3aa98.jpg,2024-04-24T23:36:07,50.96732080555556,-1.3668259444444444,59.3,30.78,-40.0,93.422,,d9bf3387-1a04-43f3-8630-e5eb5ca967f1
e468d644-c350-41eb-b79e-e2fb9a1da3d7,fc0f3cfa-ecdf-44ac-8bbc-f9bde08599c7.jpg,2024-04-24T23:34:15,50.967508305555555,-1.366594888888889,-75.9,30.09,-40.0,92.746,,b9e592f4-235f-4040-a663-14dadef2888e
727f6caf-183f-4303-a059-363b42961c6d,9717b563-7fcf-4e86-accf-123b18d4d22f.jpg,2024-04-24T23:40:52,50.96783905555556,-1.3672986666666667,-37.2,30.72,-40.0,93.375,,4050ec97-5d0f-417c-874f-6b65578022c7
8a88b90d-3a87-451e-80d5-2aad02f8faa4,53a9a07f-8dc8-471b-ab9c-4dd49fa248eb.jpg,2024-04-24T23:39:11,50.96716419444444,-1.3639292777777778,-101.0,30.06,-40.0,92.717,,d9bf3387-1a04-43f3-8630-e5eb5ca967f1
aff44aac-097a-47a7-aa58-b23f0f5f1566,bd52c86b-5cab-4f6f-b71d-75b5a0017858.jpg,2024-04-24T23:36:18,50.96724436111111,-1.3662290555555556,-29.7,30.98,-40.0,93.619,,b9e592f4-235f-4040-a663-14dadef2888e
c5f4d34b-d0f9-42b9-8630-1d50de5742bf,58dbefd8-dd0e-4bd5-a4a2-694e39f597aa.jpg,2024-04-24T23:34:04,50.96729302777778,-1.3670995000000001,13.2,29.93,-40.0,92.584,,b9e592f4-235f-4040-a663-14dadef2888e
3c87a143-1da1-412b-8a9d-5002202b2171,ee1b45e8-c493-43ba-a9c8-cf31b7b41966.jpg,2024-04-24T23:34:26,50.967826083333335,-1.366936,-165.3,30.15,-40.0,92.8,,b9e592f4-235f-4040-a663-14dadef2888e
b592b14f-b04e-4d9f-aeb4-b30d5116d18e,8d49e190-5c15-4112-9404-245463773cd9.jpg,2024-04-24T23:32:26,50.96684911111111,-1.3675999722222223,-76.8,30.21,-40.0,92.865,,c60b6741-32c9-478e-a067-3a9fc61456e2
b64122af-1f27-4d13-a499-31483fe16a3e,f4bc5456-d085-43f4-861e-5266655929d3.jpg,2024-04-24T23:41:27,50.96821627777778,-1.367214777777778,-127.1,31.19,-40.0,93.839,,4050ec97-5d0f-417c-874f-6b65578022c7
921ddd07-e6e7-4990-95d6-02039a046f63,6685edea-90bf-4c96-a190-18c72cd00994.jpg,2024-04-24T23:32:56,50.96697572222222,-1.3670795277777779,-78.1,30.08,-40.0,92.733,,c60b6741-32c9-478e-a067-3a9fc61456e2
e58e02d4-fc71-45c6-8596-2c25064571c2,0225bdd0-9f4b-428d-863d-5278d934e40b.jpg,2024-04-24T23:37:40,50.96760622222222,-1.3651925833333334,-79.8,31.12,-40.0,93.78,,de4da618-727a-48e4-957f-27bb61df3494
b558a25a-4a7f-4f6e-8aa1-f22503ddf271,0746184c-bf32-406d-b2f0-84e331a0bde5.jpg,2024-04-24T23:34:41,50.967553305555555,-1.3667466944444444,14.6,30.97,-40.0,93.624,,de4da618-727a-48e4-957f-27bb61df3494
b5a905b7-12a2-4d72-8c80-0d7732e8e244,12e72467-b414-4296-b1c6-2da8e2fc28d4.jpg,2024-04-24T23:31:53,50.96716283333333,-1.367947277777778,-168.1,30.23,-39.9,92.88,,c60b6741-32c9-478e-a067-3a9fc61456e2
41879d75-5c90-487e-9c59-c891e8d5de91,222e9120-ef24-48b6-b249-807dabfbadd5.jpg,2024-04-24T23:33:38,50.96732630555556,-1.3669725833333333,-78.2,29.99,-40.0,92.653,,2648351e-6355-41c2-9178-03a4c8ff79ce
1be879d9-6db0-403e-a736-546c38b0cbd2,2f3f2dbe-df21-49d0-aa7a-e16fe45d9774.jpg,2024-04-24T23:38:55,50.96755736111111,-1.364460638888889,-83.9,30.0,-40.0,92.658,,d9bf3387-1a04-43f3-8630-e5eb5ca967f1
3068e5e8-0fc3-481c-8214-9efe2c9b89a2,297b7ff4-16c8-48d7-8964-1a1515b79c7b.jpg,2024-04-24T23:41:03,50.967888,-1.3678995555555555,49.5,30.95,-40.0,93.603,,4050ec97-5d0f-417c-874f-6b65578022c7
aaa1db2b-3fd3-43eb-91d3-f9c4bb462336,d4a7a7a9-1195-4cab-b09b-1601e5f33fcd.jpg,2025-03-19T20:55:46,52.41101444444444,-1.4981819166666668,-3.5,60.002,-40.0,185.862,,ec288d8f-2926-4a08-b39b-05a792248bb7
e3594069-06eb-45e3-acc0-f00f253bbdbc,700a0009-3e5d-4847-a8ad-ab842e7a7bd8.jpg,2025-03-19T20:54:35,52.411024749999996,-1.4978069444444444,-3.5,59.988,-39.9,185.858,,93d6e052-d595-470e-9cc9-0b97142ab275
7b16924a-bf03-47f7-a464-12842702adf8,430d8402-5daf-4b6d-ad8f-d62ed083f63d.jpg,2025-03-19T20:41:24,52.411557055555555,-1.49687025,-93.5,59.985,-40.0,186.469,,047a991a-4e1d-4b32-8244-b2fb22c93fbf
15a8ede4-8a8b-493c-92b5-8f8a5385ea28,d1deb27b-45af-4e93-8cb6-c5480cfc1587.jpg,2025-03-19T20:32:58,52.4115125,-1.4989563055555557,89.4,59.993,-39.9,186.503,,a04863f0-d7cd-49c8-bd15-b71fdbeedffe
b21cd2d8-a45a-4d17-96cb-75672f546bf0,27ca8eb6-8f40-4e59-b03a-3c657e8d513d.jpg,2025-03-19T20:32:57,52.411514,-1.4988950833333334,89.4,60.001,-39.9,186.499,,b95e7314-f917-4291-900b-a788b59ae15c
610395a1-add8-413b-9318-52fe92456b97,4bf8e95f-945f-4f8e-bbe1-149e6ee931ac.jpg,2025-03-19T20:32:55,52.41151677777778,-1.4987773611111113,89.4,60.004,-40.0,186.504,,93d6e052-d595-470e-9cc9-0b97142ab275
991b8c5b-c21c-47fd-bf34-ed9266b74977,ed31bd92-6844-4152-a5d0-b40803c3c0dc.jpg,2025-03-19T20:32:59,52.41151130555556,-1.4990151111111112,89.4,59.998,-40.0,186.496,,304b32b3-b89d-4e48-a698-6b3cdd7b448d
7e91635f-fbf9-4da2-a374-a08eac477cd9,5e972645-5e38-4ac6-930c-45287ec2d4f3.jpg,2025-03-19T20:54:36,52.410989027777774,-1.4978064722222222,-3.5,59.982,-40.0,185.847,,047a991a-4e1d-4b32-8244-b2fb22c93fbf
8a53e4e4-cac9-4c6b-b274-1ca6c98dbf8d,f20322c1-3f63-498b-b339-b6792e7df51d.jpg,2025-03-19T20:33:01,52.41150886111111,-1.4991349722222223,89.4,59.999,-40.0,186.499,,ec288d8f-2926-4a08-b39b-05a792248bb7
29a4c7d2-6d76-479c-95f0-4c62e64c4fda,1cc114d8-a58b-431a-8e45-182267b9a28f.jpg,2025-03-19T20:33:00,52.411510138888886,-1.499073888888889,89.4,59.998,-40.0,186.505,,cccd7bf1-3ad6-490d-b500-be20f3af03c6
1bead817-ae01-4d5e-a8e0-14d0d0adf286,bed56f74-6852-4290-b1c9-5216a79078d1.jpg,2025-03-25T21:54:38,52.41229661111111,-1.4981555,178.3,60.012,-40.0,194.895,,304b32b3-b89d-4e48-a698-6b3cdd7b448d
47fe5410-f218-499d-899b-3d8706de5b99,a8fb42ff-08fb-4fc4-9342-8ab84839f609.jpg,2025-03-25T21:54:36,52.412368388888886,-1.4981554166666666,178.3,60.008,-39.9,194.896,,304b32b3-b89d-4e48-a698-6b3cdd7b448d
3b01a420-48e8-441b-b29e-e4233e0eaa7d,7a52e2fc-e996-4bf9-ae9a-ba3fd6750c2a.jpg,2025-03-25T21:54:37,52.41233236111111,-1.4981554166666666,178.3,59.992,-40.0,194.885,,a04863f0-d7cd-49c8-bd15-b71fdbeedffe
e1bed7cd-16c8-41bb-ac24-e35b3536a7c1,14179d10-95e0-4670-b029-30c638f90fa6.jpg,2025-03-25T21:54:29,52.41262386111111,-1.498155388888889,178.3,60.005,-40.0,194.889,,bc39a40a-f0a9-4935-a01c-8bfd8a132a8f
d7fd7450-de8b-49ef-a9a6-176b7497ee36,d5e234e7-c3a3-45ad-9334-6a73303d6757.jpg,2025-02-28T23:30:19,52.40788008333333,-1.4868109444444444,177.3,60.009,-44.9,189.626,,37b435ed-3613-4262-a770-7deb77ab52fd
370d953a-825f-41b3-b963-f7d80aac3edd,d92aa654-fd6c-4ee2-991b-e72e3fe4136f.jpg,2025-02-28T23:23:01,52.40731844444444,-1.4874617777777779,90.5,59.995,-44.9,189.678,a2e4a7f4-cf42-540c-9844-5e81f91a09cc,fbe558d6-124e-4e31-b06b-a4beadc05ffc
50141692-ae0f-4066-a952-d6c71be7d399,6c86d7ae-d59f-4765-805e-2301929e71ca.jpg,2025-02-28T23:22:54,52.4073225,-1.4870458611111113,90.5,59.988,-44.9,189.597,,1a6ca38d-18fc-4826-a3df-6411355dfeaf
afb52b1d-4f65-44ef-b899-662f9fb525cb,73084d7e-5b8f-4de2-8181-2e8e4cebedac.jpg,2025-02-28T23:30:18,52.407843944444444,-1.486799888888889,177.3,60.013,-44.9,189.617,,19e9f773-be6d-46d2-9fb4-6603c0d84ec8
9162f62a-0a9e-4160-8de4-e64bc95a7008,5c21a7d9-61cb-4991-bca9-a0777d69f38a.jpg,2025-02-28T23:30:26,52.40813361111111,-1.4868268055555556,177.3,60.021,-45.0,189.613,,a357d0ed-f846-4198-8678-c300aa8b3a45
f7923945-d5fd-440a-bdec-68189c33b457,b9860cbf-e677-48c5-9a06-6db655a98c66.jpg,2025-02-28T23:30:16,52.407775083333334,-1.486766277777778,177.3,60.029,-45.0,189.611,,fbe558d6-124e-4e31-b06b-a4beadc05ffc
86549a90-a75c-4eb0-8dc7-25ebaf735226,88bdee4c-b53c-48e6-9986-b67a0fa1f51f.jpg,2025-02-28T23:28:42,52.407925,-1.4860731111111112,177.3,60.006,-45.0,189.637,,1a6ca38d-18fc-4826-a3df-6411355dfeaf
3ebbed2b-5a10-40e3-9b9b-9d932242d103,eac7a91e-3bae-4f61-8ae0-fdc6f2027963.jpg,2025-02-28T23:23:00,52.407319,-1.4874030277777779,90.5,59.993,-44.9,189.659,a2e4a7f4-cf42-540c-9844-5e81f91a09cc,d013529b-13a6-4b78-b7ba-7e2bd40e5e79
06ad666c-4e4a-4767-8fe4-a7dfb8732ab9,97fcbb4b-a4b0-4b1f-a266-751d2b7c08db.jpg,2025-02-28T23:21:18,52.407546777777775,-1.4876544722222222,90.5,59.9,-45.0,189.222,,a357d0ed-f846-4198-8678-c300aa8b3a45
d8fd5222-a41f-452d-95d0-83595b91a299,1b030d8d-1b43-4b49-8d93-477451986772.jpg,2025-02-28T23:28:40,52.407851916666665,-1.4860708055555556,177.3,59.986,-45.0,189.62,,fe95b596-c477-4841-bf2e-916aa49b2d22
a7a67139-453f-421a-ab6c-7e0f4d74bc36,fbeb95ee-eea7-4b71-b97b-f642941883a0.jpg,2025-02-28T23:29:47,52.40776422222222,-1.4864409166666668,177.3,59.992,-45.0,189.669,,7615d11a-d689-491a-9e18-17ddbb811146
30772eaf-64a7-46eb-8f61-08aed3483307,02f934d3-d259-436d-960f-7c2f664b8375.jpg,2025-02-28T23:22:53,52.40732325,-1.4869846111111111,90.5,59.991,-44.9,189.59,,fe95b596-c477-4841-bf2e-916aa49b2d22
661293e0-9c43-4650-8e27-e789041c45a5,a559b153-0fc2-47e2-a5e7-9711d14d6321.jpg,2025-02-28T23:30:13,52.40767294444444,-1.4867033055555556,177.3,60.029,-45.0,189.567,a2e4a7f4-cf42-540c-9844-5e81f91a09cc,066e18bf-2cbc-4c36-8b65-5aca85a170f0
ec052112-5a72-4a8c-afa4-5164a1f4ad7e,90b31482-9728-427a-b8ef-e10a934a9a7f.jpg,2025-02-28T23:30:06,52.40743425,-1.4865545277777779,177.3,60.025,-45.0,189.526,a2e4a7f4-cf42-540c-9844-5e81f91a09cc,d013529b-13a6-4b78-b7ba-7e2bd40e5e79
d6b23a79-3747-4c46-9492-65cea9733693,fe6a67fe-a74e-4f95-b31f-75f90785d1ee.jpg,2025-02-28T23:23:13,52.40709136111111,-1.4873870833333334,90.5,59.939,-44.9,189.971,a2e4a7f4-cf42-540c-9844-5e81f91a09cc,4f797ebe-117d-457e-a6f4-c35e401e6661
62159179-8fdf-4d60-bd1e-daf95449743e,aeb49151-fc81-4867-80b3-4abed64cd467.jpg,2025-02-28T23:23:05,52.407265583333334,-1.4876526111111112,90.5,60.021,-44.9,189.653,a2e4a7f4-cf42-540c-9844-5e81f91a09cc,7615d11a-d689-491a-9e18-17ddbb811146
9759edaa-f260-45aa-b3b4-93033849efc8,b992231f-898d-4538-953a-c4ca3d718d14.jpg,2025-02-28T23:23:06,52.407230166666665,-1.4876539722222222,90.5,60.038,-45.0,189.67,a2e4a7f4-cf42-540c-9844-5e81f91a09cc,066e18bf-2cbc-4c36-8b65-5aca85a170f0
cbede148-5412-4d2a-8e99-9c0bfa5fc34d,10375b58-6f07-4627-9411-876b1e538772.jpg,2025-02-28T23:23:03,52.40731288888889,-1.4875794722222222,90.5,59.984,-45.0,189.684,a2e4a7f4-cf42-540c-9844-5e81f91a09cc,37b435ed-3613-4262-a770-7deb77ab52fd
39c94d2e-929e-44d9-a489-358d0aa9ec2a,048dc296-d942-4f7a-86c3-018314f43780.jpg,2025-02-28T23:29:54,52.40754605555556,-1.4864343611111113,177.3,59.999,-44.9,189.652,a2e4a7f4-cf42-540c-9844-5e81f91a09cc,4f797ebe-117d-457e-a6f4-c35e401e6661
dd401810-f52d-480d-b9fc-a0ba35602b70,d910e950-fae9-4cc7-b4aa-c00459adc30c.jpg,2025-02-28T23:09:57,52.40651741666667,-1.4864026111111113,0.7,59.998,-45.0,189.833,a2e4a7f4-cf42-540c-9844-5e81f91a09cc,4f797ebe-117d-457e-a6f4-c35e401e6661
ddf9186d-1af8-413f-816c-39275fbc0b94,81c11534-693d-4bd6-9c6a-655cb803620e.jpg,2025-02-28T22:57:28,52.40757022222222,-1.4857494166666667,-89.2,59.947,-44.9,189.378,,a357d0ed-f846-4198-8678-c300aa8b3a45
7a0cb298-1807-4112-b36a-5b6563d5134d,833dff77-b441-467a-aafb-23b6ead714c4.jpg,2025-02-28T23:10:31,52.40708013888889,-1.4867929444444445,0.7,59.973,-45.0,189.789,,a357d0ed-f846-4198-8678-c300aa8b3a45
d1f1c748-eef9-43bf-b136-e660ac0705c7,7c428878-7993-4b16-bd4b-02d02f9ed942.jpg,2025-02-28T22:59:00,52.40734716666667,-1.4851865277777778,-89.2,59.983,-45.0,189.645,,1a6ca38d-18fc-4826-a3df-6411355dfeaf
04918189-135a-40b0-a7cd-15e6456897de,55407da8-4efc-42c1-abc3-7ad524ba6f87.jpg,2025-02-28T22:59:06,52.40734308333333,-1.4855446666666667,-89.2,59.978,-45.0,189.664,,37b435ed-3613-4262-a770-7deb77ab52fd
161d6f1f-3451-4944-9f7f-42e9263189cb,39edffdd-0481-4886-bc0b-a45dd268b75c.jpg,2025-02-28T22:59:09,52.40734066666666,-1.4857255833333334,-89.2,59.986,-45.0,189.612,,fbe558d6-124e-4e31-b06b-a4beadc05ffc
8afa0ecc-b169-44e1-b905-20f851163b79,bdc19a05-27bb-4ecb-982d-e52e4694d2f5.jpg,2025-02-28T23:08:47,52.406874916666666,-1.4860420555555556,0.7,59.992,-44.9,189.753,,1a6ca38d-18fc-4826-a3df-6411355dfeaf
48076cd8-a0ba-41cd-86c7-26d6719ebef4,e902b074-0192-4cb9-a310-4c325ae08104.jpg,2025-02-28T23:10:22,52.40675486111111,-1.486762638888889,0.6,59.972,-44.9,189.641,a2e4a7f4-cf42-540c-9844-5e81f91a09cc,7615d11a-d689-491a-9e18-17ddbb811146
ff006398-c527-4284-ba7f-290e03ad0fa8,d3193150-5236-4fbb-94ed-a1fa3695eaca.jpg,2025-02-28T23:10:21,52.40671963888889,-1.4867463333333335,0.7,59.978,-44.9,189.67,a2e4a7f4-cf42-540c-9844-5e81f91a09cc,066e18bf-2cbc-4c36-8b65-5aca85a170f0
e334adc2-a7e7-49cc-b381-4b8c914d497d,e60ab136-c967-4388-b3d8-4673177f7f0e.jpg,2025-02-28T22:59:02,52.40734588888889,-1.4853062222222222,-89.2,59.977,-45.0,189.662,a2e4a7f4-cf42-540c-9844-5e81f91a09cc,fe95b596-c477-4841-bf2e-916aa49b2d22
74303197-dcf2-4acf-be40-c40ef6b35d84,8b5d66b2-7a02-432d-b31c-26def4b47cfe.jpg,2025-02-28T23:09:52,52.40669969444444,-1.4864084722222224,0.7,59.995,-45.0,189.824,a2e4a7f4-cf42-540c-9844-5e81f91a09cc,d013529b-13a6-4b78-b7ba-7e2bd40e5e79
4645e6d4-bfa2-4d65-b2bf-13c9c15045f5,3f37632d-93a6-438d-9942-77cac05e231e.jpg,2025-02-28T23:10:25,52.406863277777774,-1.4867877777777778,0.7,59.98,-44.9,189.575,a2e4a7f4-cf42-540c-9844-5e81f91a09cc,37b435ed-3613-4262-a770-7deb77ab52fd
335f8585-6229-4d0c-91d8-fef544d67e55,6c024b73-a92a-4f36-aea1-c45e64ddd1a5.jpg,2025-02-28T23:09:46,52.406917,-1.4864146666666667,0.7,60.007,-45.0,189.855,a2e4a7f4-cf42-540c-9844-5e81f91a09cc,19e9f773-be6d-46d2-9fb4-6603c0d84ec8
f66a5023-222e-496c-a37b-6d609954f71c,e7c4a4c4-5ec6-4ca2-8419-d7a1df11e76e.jpg,2025-02-28T22:59:05,52.40734391666666,-1.4854857222222222,-89.2,59.98,-44.9,189.671,a2e4a7f4-cf42-540c-9844-5e81f91a09cc,19e9f773-be6d-46d2-9fb4-6603c0d84ec8
0543f346-1358-4662-8a70-ffe29a5d1f7f,b714d955-c79c-4ded-892c-31fad5ba91c4.jpg,2025-02-28T22:59:15,52.407203333333335,-1.4858773333333335,-89.2,60.077,-44.9,189.312,a2e4a7f4-cf42-540c-9844-5e81f91a09cc,066e18bf-2cbc-4c36-8b65-5aca85a170f0
6024231c-117a-4e15-bdea-19fc4301ce40,727019ac-cb70-46cf-9cd2-ffa2a797e4c8.jpg,2025-02-28T23:00:53,52.406887527777776,-1.4855817222222223,-89.2,59.98,-44.9,189.539,a2e4a7f4-cf42-540c-9844-5e81f91a09cc,4f797ebe-117d-457e-a6f4-c35e401e6661
3721cf02-a381-4640-b337-635d6db519c6,657ff52e-5b00-4f5f-985f-784120da7553.jpg,2025-02-28T23:10:24,52.40682572222222,-1.4867831944444445,0.7,59.974,-45.0,189.58,a2e4a7f4-cf42-540c-9844-5e81f91a09cc,fbe558d6-124e-4e31-b06b-a4beadc05ffc
96130f9f-97a2-4cf3-917e-4262d983678b,0612d5d7-04ce-47ad-85a7-735b056dbf98.jpg,2025-02-28T22:59:14,52.40723855555555,-1.485887888888889,-89.2,60.095,-44.9,189.375,a2e4a7f4-cf42-540c-9844-5e81f91a09cc,d013529b-13a6-4b78-b7ba-7e2bd40e5e79
4c4072a2-423e-4cfa-8dfc-aa2b44983ab3,7e52b152-562e-4c8e-a465-cf25409b901b.jpg,2025-03-17T22:33:25,52.415909138888885,-1.4896168611111111,129.0,60.032,-45.0,195.886,d1cdb76f-55ef-552f-9032-b0eb16aae4af,eb401864-1feb-410a-a68c-f6072ce1307e
06ea190c-3d3d-4ba6-924d-5e32917dafd8,4bdd5805-f417-4a1d-94e6-700152b4dcee.jpg,2025-03-17T22:35:11,52.41398797222222,-1.488735138888889,129.0,59.977,-44.9,195.833,,ef91959b-e4bf-447d-8a8d-4a07251ad910
90bf18f3-d9fa-447c-90fb-b204c749c5dc,9268e677-02f7-4acc-95b0-e62429365788.jpg,2025-03-17T22:33:23,52.415956694444446,-1.489708,129.0,59.997,-45.0,195.845,d1cdb76f-55ef-552f-9032-b0eb16aae4af,0172ec37-069d-4a52-a37c-19dbf9fef5bc
62d21769-6873-426c-a128-5099fb934e71,2c9051f2-68e3-450a-85e0-c20e17dbe354.jpg,2025-03-17T22:35:23,52.413666722222224,-1.4883276111111112,129.0,60.027,-45.0,195.924,,e6f1839a-02ba-4980-b761-876e2d190e27
a2ece0c2-10c8-4e76-857b-11e1ae164ee0,7c73c8c6-c05e-4500-a275-70a3e38b7409.jpg,2025-03-17T22:35:31,52.41359466666667,-1.488664138888889,129.0,59.997,-45.0,195.867,,0804d448-96c4-411b-a09f-d91c6b6da7cc
6f6ecda6-70de-40a7-b1fc-a95ceaf6bc2e,0bce0fb0-5979-43d3-816a-a601435e730d.jpg,2025-03-17T22:35:24,52.41363436111111,-1.488346388888889,129.0,60.019,-44.9,195.913,,ca8eb9a3-b99c-46a6-937f-2b5e2a972020
3392cd21-f94f-41dc-aaf8-7d03cab7142f,1c3a86f4-b1df-4b15-9084-93104f07dd98.jpg,2025-03-17T22:33:26,52.415885583333335,-1.4895719722222223,129.0,59.999,-44.9,195.871,d1cdb76f-55ef-552f-9032-b0eb16aae4af,7c10ae38-c875-4f2b-adda-bbc0773907d3
15c0b5ed-ab7a-475e-a2ee-f5a55357dfa3,429e7afc-537d-4dce-bbc2-1455be278dfc.jpg,2025-03-17T22:33:27,52.41586186111111,-1.4895254166666667,129.0,59.987,-44.9,195.844,d1cdb76f-55ef-552f-9032-b0eb16aae4af,ac71872e-6e43-4230-b34b-ddf567cb8919
55a7c605-324a-4a37-b09a-b4dc62bb0854,37dec6a3-1631-4883-877c-6de5602861dd.jpg,2024-04-24T23:33:24,50.96742394444445,-1.367822,97.4,30.02,-40.0,92.669,,b9e592f4-235f-4040-a663-14dadef2888e
6ac3a940-dc33-4c34-bb7b-96e793929182,df9bf9a7-58d2-4b83-b083-cb3cd0774de8.jpg,2024-04-24T23:35:19,50.967819444444444,-1.3668139166666666,102.6,30.7,-40.0,93.354,,d9bf3387-1a04-43f3-8630-e5eb5ca967f1
f03f43a6-5426-4f33-8070-4ee054573aea,67d262a6-d697-4902-8421-0955fa01d64a.jpg,2024-04-24T23:34:30,50.967878222222225,-1.3670801666666668,102.7,31.19,-40.0,93.844,,d9bf3387-1a04-43f3-8630-e5eb5ca967f1
b98097d6-9db0-4303-92e9-6e2ceb7b1226,49dba6e0-6671-446f-b318-6d64054ebeba.jpg,2024-04-24T23:32:04,50.96694322222223,-1.3684485277777778,102.8,29.89,-40.0,92.543,,c60b6741-32c9-478e-a067-3a9fc61456e2
35b7fb87-9403-4521-8185-060b67d69339,53cb8464-c2f8-4ba6-aca5-87bd6ea311f3.jpg,2024-04-24T23:33:53,50.967610472222226,-1.3674415555555557,101.5,30.15,-40.0,92.799,,b9e592f4-235f-4040-a663-14dadef2888e
e468b6ba-3366-400b-9fcf-4e18d25c84fb,8457f768-7467-430f-b02b-0bc0390876bb.jpg,2024-04-24T23:41:14,50.96827005555556,-1.3678128333333333,139.9,31.19,-40.0,93.837,,b9e592f4-235f-4040-a663-14dadef2888e
5baba548-8af8-43ef-806f-8b86b9928c0f,55a46c90-8623-45db-a529-d7a5c21aa8ec.jpg,2024-04-24T23:32:42,50.96707530555556,-1.367931,97.5,30.01,-40.0,92.66,,ba230185-340d-4ef4-9037-b1f6692dfe66
